Id,Category
img_izvyo,348
img_zif3a,179
img_ygvcg,302
img_p4mj8,223
img_ghf90,114
img_7nwkh,86
img_uexod,70
img_1oe8z,297
img_zaski,63
img_8i9u4,351
img_zm8l2,131
img_7xp1m,106
img_yx0y9,427
img_bho4r,59
img_pqvsd,446
img_u3a2c,246
img_0micj,341
img_oh10o,406
img_r9h1n,213
img_vrhuf,175
img_7igfr,453
img_mg6l7,266
img_4s09w,406
img_m5poc,474
img_bl960,459
img_d18m4,459
img_n5m61,211
img_xdksv,336
img_jl1qi,373
img_yjoqo,352
img_9ujyu,202
img_b7cme,98
img_gmsvm,401
img_sp15s,185
img_vl9yz,24
img_1fckw,212
img_su7l6,13
img_2v8k5,266
img_ybrkm,47
img_5ita4,112
img_44lcr,408
img_91rd0,478
img_beb1v,317
img_enydx,98
img_x5z81,86
img_0pfo9,498
img_zyrg0,99
img_vr3l4,290
img_pbxl7,476
img_4bo15,257
img_zkuym,128
img_ixiq4,304
img_2oqf9,436
img_n6pxk,183
img_p6zgf,183
img_n79u8,115
img_6q2zo,136
img_5t54j,157
img_xnlr8,303
img_ryvg8,191
img_3tbqm,96
img_6cro4,297
img_8h5y7,145
img_4k8c6,5
img_jkjeg,482
img_fg62d,303
img_409q2,394
img_0a8d3,324
img_ajvpz,428
img_5cprl,2
img_nz3nr,461
img_hlck4,248
img_2ecr1,434
img_nbc44,436
img_7xejv,113
img_zsqqn,70
img_iake6,231
img_ah9v6,297
img_bpp8r,394
img_oun6b,199
img_eo0ko,392
img_99dxc,169
img_l9i12,261
img_42qdi,275
img_iprbd,52
img_9uip2,497
img_c7es7,66
img_yvgg1,244
img_jefsk,16
img_52cym,336
img_b6pmx,249
img_ayqhp,352
img_67673,341
img_1a6pw,350
img_23ku0,427
img_y4ak4,103
img_8z4il,112
img_ttas7,186
img_g75pl,308
img_1yb18,318
img_c2su1,392
img_u6xvn,194
img_6jixa,170
img_n7oxq,223
img_qvmwz,267
img_u4ece,462
img_gijrz,72
img_2xlez,97
img_s00sc,211
img_otiwh,471
img_opg7b,174
img_j46uz,313
img_ucr3l,179
img_36bdq,402
img_962lg,113
img_kl3hw,357
img_yoth0,474
img_uwj3n,104
img_e85ze,125
img_krfkl,91
img_cvyzc,105
img_76sqm,366
img_5ihe1,448
img_aq58v,96
img_1bw6x,258
img_1siya,179
img_6hje9,457
img_id0if,334
img_tjd1y,317
img_fab49,130
img_om5zu,303
img_27iw0,369
img_qst3h,330
img_7mnn4,212
img_i21fq,183
img_pv1kv,28
img_3dogv,298
img_c7pf5,296
img_4ix5u,177
img_nzqqv,251
img_bls98,472
img_2xlu9,317
img_h5fxy,243
img_1h3pq,31
img_pj5c3,304
img_aq9vu,261
img_w51hg,22
img_m11p9,75
img_7yb5j,183
img_y9c3b,217
img_e0ch0,343
img_ywf8a,244
img_as5ag,435
img_1gneq,303
img_ye6f8,149
img_ftvx2,446
img_m02i4,281
img_ik8me,410
img_oo471,471
img_h6wfu,175
img_cnk3t,185
img_i635x,479
img_mpbuy,100
img_oz1k5,297
img_p6lrb,59
img_sstql,498
img_d314a,376
img_lzxh6,407
img_wgwst,499
img_o22s5,195
img_2radx,433
img_oy5un,479
img_td2y4,336
img_npszv,297
img_yhxz6,318
img_h8coa,134
img_h8wz4,40
img_mtp2n,344
img_p5th0,235
img_qdgla,281
img_q56yh,492
img_ebmsp,42
img_48xdr,134
img_woz0c,192
img_mme4x,400
img_tga8q,263
img_344v7,70
img_dqql8,421
img_lb6io,397
img_ba12v,443
img_lr9js,429
img_nyy0c,24
img_jrc6s,392
img_wjruh,494
img_9li3v,498
img_aiok1,407
img_g6n7c,10
img_25f9a,258
img_uygag,277
img_ml13q,439
img_h7ku9,416
img_7pf0k,472
img_q3432,446
img_op7oj,98
img_139tb,48
img_5txwh,51
img_vd9pj,160
img_tq5ay,449
img_g2wk2,31
img_7czgf,332
img_2wxni,303
img_03ydh,266
img_q873x,31
img_it39h,257
img_1w6cr,472
img_tq2g6,9
img_ypc9c,253
img_olj9j,496
img_jwxq7,75
img_b79ph,362
img_0ocig,216
img_awuqd,35
img_337j5,410
img_nwsyn,386
img_08sad,14
img_y1rmv,372
img_otktp,256
img_rh33z,483
img_smj49,70
img_3ygbk,362
img_u9dio,402
img_djx2r,354
img_7ukce,157
img_hvu2x,199
img_t0jeo,81
img_ffgtg,321
img_hsdv0,311
img_2pbep,300
img_2gazy,228
img_z93to,88
img_cw65y,422
img_n9sjy,280
img_u4mkn,412
img_88hz2,314
img_bnets,213
img_9bvx8,113
img_1sejg,204
img_g95z7,247
img_hnj2b,207
img_ok00u,498
img_avrcp,267
img_c0tnc,363
img_v9wz3,120
img_lksw0,98
img_bpob7,311
img_hr1wx,482
img_vllaq,473
img_m47ro,316
img_b2gzj,256
img_07zj4,258
img_a1ruw,464
img_a45vr,469
img_9gy7q,218
img_e284b,316
img_c6a7g,220
img_vg18j,222
img_2fk5i,311
img_k0u5q,248
img_yaw19,275
img_5q42d,456
img_a577i,272
img_tqjo9,312
img_98qhp,192
img_vcrcg,43
img_teywo,483
img_t7r7b,360
img_g3wk6,248
img_d2iht,190
img_xpl8z,166
img_o79m9,12
img_vnam9,17
img_6i6ne,333
img_z3gmw,95
img_e0q4x,395
img_5nivz,327
img_7d4g6,84
img_va4oj,255
img_snvcp,154
img_ygha2,164
img_5adn4,294
img_rzqw4,405
img_0x4g2,249
img_jxo16,170
img_9t9k0,1
img_lcpey,402
img_15e0d,374
img_w0mvg,439
img_bxetc,362
img_24loo,25
img_fcce1,326
img_coqru,426
img_t825c,353
img_vt0su,191
img_puw0s,146
img_12f0u,449
img_m7bsc,55
img_7vy9k,224
img_gbsg0,314
img_lt6x1,469
img_tlphj,95
img_sndmg,191
img_qiv2i,74
img_ith6m,496
img_r3014,70
img_wrf1x,131
img_d3n5l,375
img_5gncp,481
img_m9g35,235
img_o1gzj,45
img_daw9p,486
img_07elc,224
img_h1886,486
img_7bmo9,232
img_uaaak,95
img_0c1kp,344
img_uetcg,488
img_b6wm1,188
img_ipmzb,304
img_3pqci,350
img_f5odg,444
img_o50qu,356
img_lwngh,33
img_7yugy,61
img_r858n,73
img_wy44v,257
img_h3ymw,151
img_p0fbe,361
img_u0smd,313
img_ppugz,381
img_8fn3k,423
img_w9nac,361
img_hjqd7,68
img_bsosa,386
img_ku64i,5
img_8hko5,311
img_r9pl8,160
img_rspxo,371
img_0ced1,7
img_wsx3d,437
img_09ewi,87
img_t9tfy,367
img_yauvc,113
img_6ln59,435
img_83pvb,259
img_57286,452
img_akijo,425
img_8mk3h,65
img_byznt,140
img_uqqxs,329
img_w7s74,403
img_f3qvm,30
img_xwcqk,426
img_vlhej,190
img_fl8xc,389
img_bh886,85
img_xsv29,209
img_5c27p,378
img_q5y73,174
img_ppvzt,228
img_5cozb,320
img_j76ag,475
img_icqot,145
img_xv3ll,80
img_jtnvd,479
img_4lw53,322
img_ec725,23
img_dwhax,142
img_o5m42,63
img_356g3,250
img_zzciu,136
img_5ijm5,118
img_3ja67,433
img_dgum5,279
img_rhhml,459
img_6az35,159
img_0hx8a,111
img_4nd44,333
img_k4gup,178
img_fdb2z,209
img_v88qh,244
img_pum02,178
img_obxav,117
img_z745z,457
img_fn413,16
img_1ilw0,217
img_r5un6,416
img_ig6b9,304
img_n0mvg,216
img_hr56v,496
img_g2o3b,363
img_fetgd,266
img_eqxzq,36
img_2vxyh,11
img_mwld2,174
img_j3kk7,294
img_gltr7,159
img_1rmgt,156
img_5wo5k,242
img_lltlt,398
img_2t12r,363
img_8brau,78
img_nwqfl,442
img_n9rp0,435
img_ldjc8,68
img_vl87f,293
img_1cu21,194
img_fd0q6,436
img_m0noj,497
img_66ypy,446
img_vpp4z,443
img_5nyl5,242
img_ymrt5,297
img_bd4xh,74
img_ccmqw,469
img_yepee,161
img_6o544,44
img_f9ncr,374
img_d3y5i,430
img_y1ssh,459
img_te1y6,222
img_xditk,169
img_id38n,396
img_zxyj4,16
img_8jxj3,48
img_tccmz,382
img_9nht0,303
img_lha38,393
img_fueq3,266
img_wuoyh,60
img_52d0r,360
img_je8m4,429
img_0nwm5,344
img_oqzck,448
img_kj4vv,496
img_6jaey,143
img_7k4tl,96
img_ikpvn,147
img_3cuhk,404
img_xxxj8,7
img_elayl,399
img_xhuza,471
img_h22ge,25
img_tli83,131
img_r6mto,33
img_jx81x,418
img_rvzbn,34
img_c6hik,28
img_v947b,313
img_ojccl,276
img_oys4h,105
img_8q18v,101
img_0h9va,70
img_gce6s,327
img_sndkx,103
img_9ip6y,470
img_ipa72,314
img_inq56,223
img_gt78b,297
img_np919,407
img_2f45f,70
img_3gx57,459
img_v44t9,314
img_vafxj,201
img_5z1n8,239
img_kwht3,220
img_x3s0g,278
img_gj871,244
img_34mv5,174
img_l74il,336
img_pcsml,233
img_5whmc,298
img_zxagw,251
img_cbo3b,244
img_bxrok,278
img_b0x2y,311
img_fglle,499
img_at9lu,373
img_n9gy5,267
img_97uj2,159
img_krc2d,159
img_y1t6j,48
img_rm0c6,65
img_w8suc,51
img_4d8p8,312
img_knwwt,104
img_fomz3,98
img_mi5uz,162
img_4ztvb,447
img_grtju,7
img_mkydp,59
img_2tbdq,9
img_4sniy,403
img_88ir2,353
img_2ia1e,16
img_bw9ob,32
img_zvup4,459
img_i7ofy,260
img_o8o54,112
img_5iqbk,25
img_dm3ap,185
img_ovswt,198
img_834bd,241
img_k82nr,493
img_dlk3e,407
img_84mzz,275
img_0vl9g,414
img_37qn5,75
img_rrl4v,447
img_j3exf,201
img_1udzs,464
img_33rmm,386
img_p2d79,43
img_1o2ol,150
img_vr8c3,3
img_v611u,432
img_jxf0h,83
img_yxirr,435
img_hfhtj,441
img_jnuma,469
img_dwxqa,250
img_oon5s,98
img_4gt8b,481
img_njejb,254
img_xt11b,105
img_xzlqb,329
img_r32j7,427
img_4e7n1,203
img_ipmry,330
img_srfns,182
img_1l60q,128
img_9y2wm,190
img_bmsh9,376
img_2iibi,332
img_wkml7,294
img_2wxry,415
img_z85cw,357
img_94dya,134
img_4jx6a,268
img_uy7ww,27
img_c5vm3,304
img_2isn6,378
img_runug,183
img_p589q,33
img_9j9mv,364
img_i4s1n,470
img_mle45,10
img_ppmz7,496
img_7ovah,10
img_ux1iw,60
img_7j8jw,424
img_3xldj,426
img_cd2ai,351
img_u2cb7,492
img_x15ln,480
img_3rkny,230
img_kq1h5,454
img_dl3pc,397
img_te6gb,275
img_39d3d,103
img_a6yw3,225
img_qboc4,208
img_nyo9p,333
img_z8ca1,74
img_a64hu,427
img_zx5nf,442
img_epzwk,398
img_0syb1,121
img_8zj2e,396
img_n9vds,203
img_ttaiw,302
img_n1byb,407
img_bqjgi,273
img_i833c,440
img_qxgjn,477
img_j9kyw,298
img_erzh1,355
img_32o8s,261
img_8ehb4,99
img_lgpk8,8
img_9teza,288
img_vogbl,161
img_8lgi7,140
img_2qlao,412
img_4cdtw,447
img_91831,143
img_36ony,9
img_n7l21,140
img_hn3er,176
img_03acq,194
img_j4jc3,260
img_6r4tj,66
img_bd94r,51
img_2vm5x,174
img_230sf,189
img_lbl1c,187
img_wt5hm,169
img_8zs8t,187
img_g9jrw,202
img_dzktf,179
img_7x1e7,125
img_q6mk2,122
img_kur1a,124
img_sq6jg,479
img_thxg7,66
img_idl8h,136
img_p91sk,398
img_2gf7v,224
img_v1qoo,493
img_3yphs,258
img_mocpj,35
img_0nqcm,313
img_7h1yb,424
img_3vhpf,330
img_3rptp,76
img_hk41z,342
img_sfbd5,194
img_m98uj,143
img_vfk0x,32
img_p7gs4,430
img_qjyvn,35
img_4fr3p,23
img_ydxes,458
img_87rca,125
img_g8rh1,21
img_sn0s5,217
img_ud9ae,294
img_50gda,496
img_jtyn7,355
img_huq90,99
img_5rpo6,20
img_oep6v,349
img_az5gk,464
img_wmx2m,464
img_237mx,82
img_i3yts,65
img_hvaub,103
img_2qsvo,182
img_rwx0w,256
img_ix46l,379
img_pavoa,426
img_j7u69,183
img_xo8rf,19
img_p63e0,310
img_6c3ow,363
img_40pvw,103
img_hkj2j,110
img_mopxx,303
img_zxqft,299
img_nvwx6,432
img_3kez1,194
img_6m4ad,63
img_mllbr,102
img_w5i7e,57
img_3m61e,64
img_8y19h,319
img_grlfw,355
img_7j9ok,257
img_vp139,41
img_atxlj,138
img_83qcl,38
img_ilpj5,118
img_4qu5o,354
img_hlb0l,234
img_b2wca,72
img_dafqk,462
img_itfpk,377
img_5jg0t,134
img_845hb,302
img_wnipf,431
img_e2vwz,183
img_pl5ix,335
img_t58v0,50
img_adqks,399
img_az7br,337
img_89kzk,266
img_x24fk,66
img_i60n5,177
img_3rvzv,75
img_pyevi,432
img_zjixt,296
img_529qe,454
img_x429g,452
img_p2w57,203
img_b8koi,421
img_9y7va,145
img_pzm3z,222
img_yvplj,221
img_fwbyq,177
img_stkxi,81
img_m75bo,337
img_wmau3,76
img_4gomd,497
img_wjzob,463
img_lfxjp,424
img_xrwhn,426
img_dfj82,58
img_m08jd,41
img_7d3qa,349
img_l5qpa,23
img_uegq3,205
img_hn3cn,96
img_9ics9,446
img_lzgcg,192
img_2vxbb,315
img_8jmn4,372
img_t41an,310
img_j7jdn,469
img_n474c,289
img_5zxdt,255
img_88qa3,261
img_x2eel,237
img_7jzde,235
img_juuuw,377
img_vg0v7,37
img_jzd5r,0
img_w5k0u,16
img_5sa8p,423
img_paf89,200
img_au9xn,398
img_aoz68,21
img_dblv7,127
img_km5ym,467
img_6t2qq,162
img_w2z1f,458
img_j1g40,322
img_0ifqh,240
img_blmah,215
img_rneks,151
img_o6bj7,61
img_jatng,495
img_tfdpr,238
img_yufhg,294
img_zy6ef,85
img_itkpw,139
img_p9vum,482
img_kl99s,225
img_vs96s,339
img_u04hm,367
img_vuutm,231
img_a1kzh,73
img_sgr3s,250
img_8gfve,469
img_c7gwl,157
img_13ktk,296
img_53stv,435
img_2orzw,491
img_qht98,475
img_cgn7c,314
img_muyya,278
img_zuzyu,496
img_3fpen,331
img_xzln4,35
img_7kxn3,174
img_c5jsm,420
img_81x9z,349
img_7ue3v,55
img_a6ckb,152
img_n76t7,203
img_fgrn6,285
img_kcssi,308
img_d9f3x,391
img_4o1kg,328
img_9obdn,186
img_rzbba,496
img_5tgqn,296
img_ow8no,124
img_u6zu4,281
img_2b64y,33
img_w63ck,178
img_kr3kz,350
img_22e33,369
img_5ogb6,214
img_xm36y,486
img_jfcb1,279
img_qutff,276
img_5vyy8,209
img_pn886,76
img_44qq9,295
img_n5syl,184
img_hbf50,337
img_udat4,477
img_ei0b8,122
img_o31ah,443
img_46ww3,136
img_s5dr3,282
img_4ywkw,155
img_f0w3m,286
img_7t5la,449
img_ceo7a,260
img_t5990,182
img_sufa2,184
img_u8kfy,380
img_qwmuw,457
img_gx99d,294
img_dhhsb,151
img_32fsf,384
img_ic9mk,336
img_7caab,384
img_cfiw8,30
img_8z6km,121
img_ycv1y,112
img_zuoqu,125
img_myada,459
img_byot1,41
img_0z70x,61
img_2w0p3,88
img_wjjph,372
img_30mid,139
img_ef4la,294
img_hslkr,103
img_dbba3,79
img_rfe3d,465
img_zpx09,65
img_7rmvm,356
img_c83mn,387
img_wo3or,80
img_1m18h,210
img_pcrc6,425
img_6jdkb,329
img_rcr2t,80
img_bty32,336
img_u5bxw,256
img_0za38,398
img_80u5v,449
img_yn3nk,71
img_0fb1v,16
img_wa78n,42
img_rx2br,408
img_9x17n,155
img_t6p3e,308
img_lezlu,109
img_e97dc,399
img_pxezv,193
img_mxiai,44
img_y9d2e,21
img_om4zi,358
img_acven,199
img_y8tn5,36
img_k9c77,393
img_wfywf,383
img_jq4zm,419
img_qfrje,373
img_mk32b,321
img_5ts64,36
img_511yu,128
img_zmf0k,48
img_0puzg,426
img_wv29r,15
img_px86u,102
img_jo3e6,417
img_edo4m,194
img_xo8je,444
img_drm77,256
img_31n4d,465
img_dngb0,21
img_0bpa6,254
img_92500,69
img_tt98a,43
img_myslt,434
img_sek62,376
img_gzum7,244
img_h3qny,439
img_vdzic,196
img_ujcq1,462
img_0b3ml,414
img_tmjnr,43
img_13gze,431
img_g2vbd,83
img_i76pl,261
img_sy8yw,322
img_f8ylz,264
img_fi989,254
img_tlc2f,308
img_b0wyh,206
img_6921l,149
img_h39b4,322
img_s72mk,458
img_7t53q,263
img_db4db,118
img_ik131,183
img_cn4wp,232
img_tfgsx,484
img_37zui,61
img_fhgar,432
img_cuyrw,235
img_5x0k6,431
img_9vdta,275
img_tf3ej,443
img_g296y,267
img_1jj2u,147
img_hu9gw,256
img_ndlx7,174
img_1qi4t,303
img_lppgu,418
img_339y4,28
img_hz6wy,67
img_cde2l,477
img_zrglc,143
img_4zxre,100
img_p7iso,322
img_ogmu1,241
img_ucb6e,251
img_0ffws,209
img_j2xk4,15
img_6kswp,194
img_mzevs,264
img_7x6ks,235
img_1ocg9,396
img_7mnh5,162
img_kdipu,164
img_jyd6k,346
img_g8s78,264
img_7ikji,413
img_q8moa,70
img_a5lyy,266
img_6a2tq,469
img_9p2qj,478
img_w8x56,101
img_yl23d,57
img_9vbkd,173
img_wv4ma,363
img_w33e9,307
img_i8pzl,454
img_bewiu,481
img_dc4rv,167
img_s2kpm,287
img_jzfn5,313
img_j01rf,10
img_7ranp,373
img_ii3l2,356
img_um9lj,27
img_g67da,197
img_et249,37
img_oj0t9,13
img_dg0wp,243
img_41gd3,263
img_j5z4j,25
img_3flqc,378
img_iugtt,291
img_muqq7,405
img_vbcq0,252
img_7w5ce,211
img_iedza,250
img_80kx5,408
img_xuqvm,329
img_vhfzn,281
img_0h0p1,3
img_quyrv,127
img_gc2go,171
img_iet6m,329
img_im9d3,283
img_du0s0,280
img_nqa2b,309
img_535o2,484
img_k97l9,61
img_suqut,29
img_qivir,225
img_hp3gq,345
img_nc0j6,327
img_sahqy,38
img_eurhg,205
img_lusqg,1
img_k1yzn,233
img_f008d,142
img_tlmcq,384
img_oqo4b,83
img_wus5h,407
img_c43n1,218
img_jistk,498
img_oej69,52
img_gq3nv,62
img_vhljm,13
img_vlyab,483
img_gaevj,199
img_32kun,178
img_pf94z,0
img_vg6zb,357
img_cq5gx,11
img_boxma,407
img_zvgs3,146
img_an9ji,363
img_s9eux,41
img_aykvc,8
img_mz1nn,61
img_7comh,35
img_l9xny,118
img_4xcwb,13
img_bp2bz,223
img_ojpos,260
img_p3xti,84
img_8nr4t,256
img_372mr,41
img_qd5rb,424
img_r9r8e,426
img_m7vpm,384
img_03pzr,375
img_1ggjb,370
img_sx5s3,461
img_eegc8,466
img_rb82a,399
img_91edm,83
img_dcpzo,314
img_6pli0,70
img_n651l,97
img_qo3vf,334
img_w77ec,279
img_ydzfi,157
img_nxdcb,63
img_06m1q,270
img_gn3gf,114
img_09ps5,95
img_mhxrj,234
img_6a4tt,378
img_zcl3g,124
img_6o5sd,243
img_5lxal,162
img_th925,297
img_tu159,233
img_syixf,180
img_jb1ce,270
img_c82jr,16
img_367ts,147
img_cbcsu,479
img_0b9y8,242
img_dwl2s,354
img_giwr6,348
img_77tpw,172
img_rp9u6,142
img_aw4jq,313
img_ik0l1,150
img_ljgko,264
img_fu4m3,224
img_79vto,330
img_qjdi2,258
img_6l7cj,44
img_07ywz,389
img_4sd6h,471
img_tj2e3,98
img_2c2cx,133
img_3jzyq,167
img_h74br,164
img_2ze2f,80
img_zkjtq,170
img_ey9oo,47
img_cg4tj,250
img_xmuv0,74
img_fkobw,445
img_6odbi,80
img_q6n8k,409
img_f8kkt,200
img_yi6e0,461
img_7v5ic,171
img_4z42m,81
img_0q1cj,397
img_z5kd3,44
img_bzui9,484
img_e2s30,191
img_460jj,258
img_7ctwl,257
img_ypup8,440
img_a3glh,376
img_71kw3,223
img_3odyi,400
img_3xok4,495
img_dcksj,131
img_l1k87,187
img_sxtcn,212
img_c76l7,496
img_o90bp,406
img_zazi7,305
img_a3vof,474
img_lsv0l,454
img_uj9q1,472
img_dvjga,5
img_ecdgx,164
img_0wtuu,400
img_7kp6o,149
img_dwr3g,234
img_agmbz,439
img_hwyvm,147
img_w13mm,44
img_mtz77,375
img_sa7yc,205
img_xxo72,456
img_bpbov,290
img_sj7um,353
img_udtb1,329
img_84ey1,146
img_39h7x,464
img_e4f4l,170
img_hi5bz,89
img_643b1,213
img_r2fvv,261
img_wpayj,76
img_1v569,29
img_e6ucn,417
img_30kq1,80
img_mz1b0,279
img_yv846,122
img_8uc4v,436
img_h3zrf,268
img_p9tw2,70
img_d6cpv,150
img_4u6hs,236
img_wg22t,416
img_o9tj3,83
img_obgym,43
img_dcked,241
img_6z3su,408
img_lzop4,162
img_30ifw,246
img_8ozym,196
img_3v3rj,297
img_952fu,207
img_zzxgz,462
img_gth4q,433
img_f5vv6,464
img_pwfhe,0
img_cphx2,496
img_sgmy6,496
img_y2nl7,114
img_h13wn,297
img_oilbc,256
img_2w60e,247
img_sccr2,199
img_duxad,110
img_bwljc,80
img_fa3d6,477
img_tkvjj,319
img_qleip,474
img_19jbn,411
img_tp41k,232
img_32cj7,458
img_tc850,348
img_usmn4,63
img_eg14c,8
img_st0r7,412
img_a2m95,491
img_g9nbw,221
img_tom0u,57
img_1ewc5,426
img_bieck,34
img_0wluo,319
img_1m2vz,200
img_krcn4,159
img_yk17u,66
img_zq6an,287
img_5rfpp,497
img_3iwdh,221
img_ivph1,440
img_op2fy,3
img_0q6af,451
img_d5czt,124
img_brk59,37
img_yaqf8,116
img_7m5d5,294
img_pftuc,114
img_6c5sk,241
img_azh0y,429
img_dvl9h,426
img_cfl9l,45
img_j4m0d,331
img_horaz,469
img_2w1ag,290
img_mlw1h,70
img_g0thp,398
img_8nb8d,223
img_ketbc,110
img_fewtf,156
img_mnqri,209
img_v8dli,453
img_5vi4q,44
img_azcli,172
img_obpw6,126
img_aj4ow,54
img_xfki2,151
img_tnjeo,256
img_kzca7,227
img_6h9qa,364
img_4kv6i,312
img_fvsbz,462
img_r8hfm,196
img_0agat,409
img_be5t5,350
img_33uub,485
img_drm6t,276
img_254bw,164
img_prwe3,260
img_0urjk,80
img_um9l2,96
img_h928d,293
img_2rh32,69
img_bvovn,462
img_5ig72,140
img_sqhhn,103
img_h36sy,89
img_9wiy0,136
img_6i6pk,127
img_j113t,183
img_wrbn9,435
img_4eq5r,249
img_6pfa1,218
img_pfku0,423
img_ju1y1,427
img_43c3j,236
img_nc9tl,224
img_2pypu,315
img_646wg,304
img_hibn0,249
img_u5gof,485
img_gohn5,219
img_r8vci,31
img_2h6oh,37
img_vxxf4,140
img_qudnx,174
img_gcxu8,449
img_f1gv2,328
img_pjfww,490
img_vsod6,417
img_dejhn,309
img_9xgxz,317
img_jeks5,79
img_swt8q,254
img_r73h1,109
img_t3cl4,200
img_0h4jj,301
img_8jijv,231
img_xacc8,175
img_42ojo,70
img_vx3x6,472
img_xf65c,122
img_68elg,465
img_5j6zx,455
img_nki8z,145
img_e31dw,496
img_9dh5h,245
img_sxp0e,131
img_z5e69,412
img_u92c9,384
img_2eydh,401
img_wsvb3,164
img_t36sy,212
img_gzv2s,193
img_gbnl9,74
img_ud3yx,201
img_6o45j,361
img_3ywdk,462
img_lxpnq,58
img_5gbrm,25
img_mparp,174
img_4rxq1,111
img_1f4j4,481
img_tmeba,186
img_ppbdb,201
img_hpgnp,488
img_at8vf,162
img_6tijw,351
img_5sc15,116
img_ewz7s,346
img_27duj,463
img_199je,117
img_8ho8n,197
img_sagma,492
img_m1k62,460
img_nmnsp,372
img_li53o,388
img_qievn,337
img_nhqr2,47
img_v79v9,285
img_x06nq,384
img_r8orj,183
img_a4rfs,373
img_ws14j,129
img_85xwq,122
img_vyt6j,15
img_hkeo5,61
img_77bwo,205
img_snnaz,184
img_ia6q6,205
img_oo36r,81
img_9n203,255
img_df2ix,283
img_k57dw,488
img_gqwxj,357
img_7jvki,275
img_nxcyr,473
img_a3pl9,478
img_lzyp8,261
img_v6lbx,400
img_z3l8m,313
img_mv2vu,330
img_riv3b,406
img_7wx1k,159
img_e23b5,127
img_ub8jz,446
img_l2oey,145
img_nv35b,399
img_iebxl,487
img_s7ddm,250
img_7gqbn,125
img_62b7r,77
img_nqfm1,52
img_bmsda,370
img_m4qiv,25
img_t922r,370
img_njgns,466
img_hqft7,178
img_b6w0s,285
img_akv7r,57
img_luwy5,462
img_jesly,253
img_8x2on,200
img_remfh,454
img_a1oop,156
img_c3jwa,355
img_vlui3,341
img_grvuw,454
img_t7g90,352
img_f5i4f,71
img_6riis,77
img_ti5kx,17
img_7t07o,451
img_496n9,475
img_483jv,365
img_6ttdy,423
img_zkixs,300
img_h0g3k,16
img_wt2dg,21
img_p25jm,104
img_h8qyy,143
img_9d0il,114
img_8f5wi,208
img_ivo20,253
img_m8v7u,66
img_dsvnu,239
img_f99xc,259
img_kzhc9,60
img_bqpl6,123
img_5sl63,138
img_vza7n,220
img_9qgyg,384
img_3jvzc,330
img_cejjx,390
img_3vdwk,20
img_por8p,25
img_tm7fk,470
img_y9esw,424
img_vv9kp,390
img_ub3ht,95
img_2dgys,146
img_79fui,111
img_wttye,180
img_gp6jj,333
img_7uhhu,77
img_ekcmp,492
img_ho8hn,118
img_fboiw,348
img_2rsqr,39
img_d906s,101
img_ndx5l,16
img_6i797,227
img_5nit9,223
img_slxm7,162
img_dv55h,149
img_rfc1f,21
img_4bgiw,375
img_yepwx,405
img_4bxpx,144
img_3y2ri,246
img_qvwqu,105
img_va697,89
img_t3vye,23
img_3jb4r,13
img_ap142,89
img_5nzwj,155
img_as462,379
img_t2k2j,179
img_qaf8y,462
img_uyxtw,234
img_nlpcb,145
img_n4l0x,94
img_prsuo,8
img_1x5yb,485
img_y69c4,234
img_iyi4u,191
img_i3nme,41
img_s19wp,255
img_2db5b,48
img_ch27f,179
img_0rtoi,194
img_hb7qq,487
img_9edu4,177
img_ljsvp,257
img_wz2h9,86
img_pl8yn,318
img_vfs9a,458
img_jhvak,207
img_hbdi9,255
img_hiu1i,183
img_ai0qz,138
img_dazj2,395
img_4hm2s,236
img_63qyo,90
img_dkt2q,183
img_8l9ua,419
img_y59x8,224
img_xvosc,193
img_q36e7,183
img_2uqyj,31
img_59wz8,184
img_s40qq,204
img_hgsuv,247
img_xuk32,109
img_3lics,473
img_zsnbp,378
img_s71qd,311
img_t76op,339
img_lx968,82
img_uulp3,496
img_g35mc,175
img_dk8vv,407
img_amhq9,189
img_08c7n,288
img_63dux,285
img_88qmo,47
img_rri40,408
img_qjb2u,363
img_86t53,147
img_f5x9o,326
img_pbzhf,200
img_5xzy4,114
img_62wor,153
img_aq99a,483
img_lcjdl,470
img_iyudz,126
img_aawsn,104
img_0ikp1,95
img_sht9j,159
img_44ic4,140
img_x7igh,210
img_3ebjq,305
img_qrfq3,413
img_r9n0t,168
img_j3pll,261
img_qh0a1,405
img_wdk80,367
img_719dr,100
img_2vwk0,269
img_mxhmc,164
img_gk8us,164
img_ik7rt,44
img_ynpfm,209
img_chnfb,450
img_xt8xp,81
img_t2z8p,483
img_3jbxk,328
img_dl367,233
img_ynzom,374
img_thntz,95
img_wvva4,89
img_c9ylo,309
img_q1mwx,58
img_tmgae,252
img_a8ajq,333
img_c4myh,349
img_1e27p,243
img_t96pk,242
img_viaqh,495
img_51ndu,186
img_3grbv,126
img_fbioc,15
img_uib8q,359
img_e8go9,263
img_h9kex,462
img_u8psh,22
img_b4zxm,412
img_767z2,379
img_s8q0a,72
img_r9t6n,65
img_xyypn,351
img_al3vu,137
img_zn53r,466
img_zvrgb,33
img_sx4qw,229
img_1laa2,79
img_jobc2,421
img_r8u5j,452
img_waijk,163
img_7ce8b,143
img_1c9xx,87
img_hzuc4,347
img_wznxn,274
img_rl6ib,255
img_e00mm,291
img_sdnza,275
img_44cpr,145
img_nd8tm,239
img_nfi7u,419
img_1a8jw,127
img_dqejr,472
img_0zqh0,255
img_4hzrh,186
img_88fc9,280
img_4yr95,379
img_cisuh,56
img_n7d87,442
img_shq6g,345
img_6fc5j,66
img_gchz5,400
img_xfm3c,320
img_1bsdz,476
img_dui9p,17
img_vq60t,291
img_o7qqk,22
img_3umwg,438
img_kmuz4,5
img_iavx1,469
img_gkprf,136
img_uo5i6,60
img_eovvv,228
img_dmtqs,151
img_e2yyt,70
img_wlcd8,148
img_h70ye,233
img_uba7b,469
img_i0b1k,302
img_ytvcw,122
img_7rj9i,362
img_2y545,487
img_76j22,7
img_i8ya3,390
img_6vgnb,378
img_9bssa,323
img_47x7y,446
img_xqhbo,10
img_78i6p,12
img_94f51,332
img_79mew,55
img_0er6f,117
img_34zc6,232
img_7tfku,21
img_94och,27
img_5du8q,133
img_qs00u,429
img_jf3ue,24
img_eid8n,295
img_5o9e3,95
img_8vn8f,425
img_zit9e,47
img_cx7uk,190
img_l8puy,154
img_wit66,68
img_rhk6x,335
img_1sk01,10
img_u8vv5,246
img_oj36f,385
img_7boe2,137
img_r4gpl,460
img_4k2zn,321
img_2y9b0,449
img_lpeb9,413
img_3r8ds,455
img_if9o4,429
img_acev7,219
img_0agh7,188
img_qmqk7,183
img_2ngrd,185
img_ht381,349
img_e0h2u,147
img_snye4,18
img_q1mse,453
img_9ej2k,183
img_rwnx0,476
img_52dek,100
img_oglbv,311
img_nub8z,410
img_9el9p,352
img_b5xtk,304
img_d91sg,261
img_ufbd2,292
img_vdjkg,227
img_g3cq8,65
img_za3oa,426
img_ruy0u,206
img_jnqkl,110
img_qnfjp,449
img_f2ypn,26
img_zl4fa,474
img_feun1,487
img_64bps,102
img_psrho,453
img_inf4b,165
img_7ssnz,114
img_jf0p7,365
img_b9p52,379
img_j78p5,379
img_fzx1t,278
img_lxxlt,250
img_68szm,208
img_8j2uu,258
img_lhubc,415
img_lwcm7,277
img_7htmx,376
img_ii0y1,402
img_5d1a0,348
img_89ldq,319
img_25ic2,112
img_j40px,2
img_8vm08,266
img_501tc,282
img_ybo9o,125
img_bgvsp,80
img_nlx8j,446
img_2vglq,333
img_kynpl,287
img_1cuee,153
img_ky31j,19
img_0om5n,492
img_qm8jv,108
img_53oe7,136
img_dgvzn,102
img_0ejaw,147
img_ov06m,218
img_i2d18,1
img_2zb7v,381
img_6w7c1,140
img_nvotw,65
img_lwmq3,456
img_6h1li,453
img_9l8ve,6
img_k4vgh,322
img_lvnjk,398
img_n0exg,354
img_739qj,235
img_e397z,156
img_4e1zd,100
img_pit3q,443
img_roqc3,498
img_ezn0z,98
img_m7eiu,498
img_wvi1k,489
img_8qthm,214
img_qq0n1,361
img_uxnh9,292
img_37f2e,83
img_oll2r,142
img_7zvpg,434
img_275ik,152
img_yyie8,214
img_2w2gt,351
img_b3rlx,349
img_2mqr7,99
img_7ioax,219
img_w8k1n,248
img_g82kj,105
img_iofgb,49
img_tss01,161
img_qugrz,316
img_2z596,390
img_2q62j,186
img_wagv9,278
img_4o8zm,297
img_ffmhe,446
img_gr5tl,248
img_sdahs,222
img_pp1xf,86
img_15moj,398
img_h2wxd,11
img_gdquy,155
img_q11al,339
img_s5efa,377
img_1q7pd,92
img_3axea,304
img_3c92n,462
img_xct1p,164
img_a888r,67
img_fwdyb,146
img_153o6,411
img_52yg6,433
img_spht6,151
img_cnmw8,317
img_awlv7,258
img_c4xqu,127
img_pcoew,80
img_nr7nv,269
img_4uovt,292
img_gze3m,142
img_nojs3,324
img_g4807,100
img_ab9ra,165
img_310hs,219
img_fv0a1,87
img_ass1z,295
img_l3dqx,99
img_0p6jx,162
img_nt8gs,292
img_02emi,296
img_nm7ft,100
img_lg28x,223
img_flvi1,340
img_3hias,339
img_fj520,250
img_31c5h,446
img_1e49t,316
img_hvx7w,355
img_k6mbn,137
img_n7m78,134
img_3plgy,67
img_m5jeu,392
img_i1xh5,375
img_dir7g,377
img_sh1i5,349
img_56405,436
img_28vbv,423
img_cqr5r,254
img_6t0dt,23
img_x6um5,186
img_qfo80,371
img_dwudb,118
img_booe8,491
img_jdm8z,490
img_u7chv,41
img_wtz48,229
img_8dk2q,339
img_d1c7y,161
img_1b3jy,239
img_a8y7a,303
img_wyvki,59
img_1rrfx,440
img_55xpp,31
img_zyy7x,75
img_8tus3,405
img_66yad,455
img_b3xov,447
img_hn8iu,47
img_9dj8t,423
img_5yn8s,288
img_iou1u,104
img_as8fa,55
img_tlrzp,66
img_6vpzl,101
img_jgpb9,229
img_rq90z,260
img_r0vz7,317
img_q7ccv,379
img_utbt9,144
img_1uaw3,150
img_gea7l,462
img_nhe7w,465
img_g3ae0,75
img_45dhc,284
img_pd74d,445
img_ckg80,70
img_kuro8,32
img_0p7z2,390
img_2nmb9,303
img_lmpov,44
img_xko17,347
img_qty9u,5
img_l57lr,216
img_c2ykn,77
img_9m7qj,211
img_okc8u,269
img_bcoz0,163
img_bctwl,157
img_madn9,14
img_lwqz7,407
img_up7qq,153
img_2iy6h,83
img_f82dl,468
img_ef2qb,384
img_1znqz,135
img_rylto,404
img_13odq,318
img_8wv26,194
img_0z1vo,456
img_8kogj,260
img_6kt3t,8
img_492dw,246
img_8lj5o,139
img_p7q3w,0
img_0fsqt,355
img_xw903,92
img_vejzf,66
img_nf8bp,38
img_y6xrh,496
img_ulrfm,268
img_fydnm,435
img_h2d6u,387
img_cp9ez,424
img_17z5b,485
img_6s7t6,449
img_spwip,44
img_eep79,56
img_r1sm4,247
img_e2g3n,329
img_s2zxp,494
img_zdff1,74
img_ib8gq,60
img_du3m5,140
img_4564p,294
img_6halu,109
img_mdnw2,294
img_6j8nx,92
img_voer7,444
img_97wqw,497
img_juhom,23
img_cpdf9,403
img_bp3xh,9
img_v48ne,479
img_6f64f,303
img_a03os,390
img_inpoq,324
img_einjm,457
img_gdf5e,284
img_nz326,498
img_0pohp,88
img_9ukfq,161
img_nyy90,225
img_x87xg,179
img_bbsrt,145
img_mdg3g,364
img_pkvgo,192
img_u0zr4,246
img_btp4b,183
img_9r3xz,334
img_1cyuo,280
img_qkosv,274
img_zdkbw,44
img_x1z8p,114
img_nuaun,346
img_7vevh,292
img_eo85q,279
img_w12al,33
img_j0d8o,449
img_0p45q,316
img_h8nxw,262
img_dksji,82
img_iukpx,355
img_lkoxa,228
img_v7u6a,303
img_tmt97,352
img_rvixn,15
img_m0ayk,333
img_m89to,476
img_5oo1x,5
img_v7xxt,146
img_krv3y,465
img_1xwir,138
img_svl3i,115
img_yfzar,435
img_4fg0t,127
img_rb894,105
img_dimu1,72
img_af67q,33
img_6sy1u,178
img_sp1o4,174
img_lvxdy,359
img_m30sw,276
img_b9ltr,349
img_mkw8w,178
img_6hjzq,285
img_r6i9r,35
img_9fd9r,394
img_onl8i,254
img_uc58a,88
img_h8eme,54
img_f2dp2,114
img_wwazc,118
img_zn5pl,397
img_sh5pq,265
img_vmezb,86
img_kca7t,142
img_9i99h,224
img_38jao,256
img_apjjy,62
img_dwku8,162
img_2urap,240
img_wnuvo,461
img_yvegx,33
img_gro9x,7
img_x9ie5,156
img_gx6md,160
img_7od66,312
img_gh0rh,193
img_xp5iv,457
img_i2at4,455
img_4zg1k,227
img_p803h,439
img_2gqsg,233
img_duw8k,274
img_yi3g7,303
img_4vovc,318
img_ajx5p,106
img_y3ecm,432
img_dnflc,409
img_xn0u1,109
img_97xh9,83
img_al60i,462
img_um0w1,312
img_gsilm,260
img_f27a5,111
img_t2zdw,67
img_tzfn6,128
img_h1isl,84
img_c8yzs,489
img_ro8ch,219
img_k3r8c,59
img_iqmdt,161
img_m867l,383
img_7ibpd,401
img_0eyhh,346
img_01syh,308
img_kqlrm,73
img_1rydu,269
img_zrmm9,446
img_i6qnw,237
img_wmmh6,19
img_h45gn,337
img_4ciyj,151
img_ra2sa,309
img_f3f5r,226
img_npkri,153
img_yvmrk,417
img_o0uon,480
img_qoia2,305
img_d8hjg,140
img_dmvvf,398
img_s7aby,23
img_sdswg,249
img_yutfw,127
img_oofgz,178
img_mpxm2,447
img_37iqy,338
img_ss4rl,164
img_sv308,288
img_otkgq,83
img_tf8zz,286
img_8gwhy,214
img_3k9ts,404
img_wswlh,351
img_6o06n,420
img_t1mcb,359
img_gccfx,295
img_a9su7,450
img_avlej,129
img_7t6fo,141
img_ei69p,390
img_oy6zr,199
img_atyg3,357
img_n05pb,463
img_gxtm9,147
img_5oc03,414
img_rls14,190
img_uzj66,137
img_ixmkt,374
img_dfsbe,442
img_v6td1,467
img_w5mk5,410
img_33473,462
img_optbp,342
img_lgv3o,373
img_d7379,407
img_j3tkf,198
img_wfdf5,447
img_oviq0,44
img_11hdy,327
img_im9li,402
img_7f388,462
img_0osqf,307
img_pocnz,183
img_slesw,16
img_qe7lr,250
img_k4shx,138
img_o36l4,34
img_zm33b,464
img_hx3n4,94
img_0ysve,351
img_dchxn,462
img_j9r1z,170
img_h3dfs,207
img_20q0l,446
img_27m09,204
img_nuwpq,248
img_zneqo,449
img_k4viv,242
img_1whvp,226
img_ovqmx,291
img_qv0tb,390
img_le3k7,472
img_2759x,354
img_osaig,373
img_k9n75,203
img_2h259,425
img_n2xvy,425
img_s5fr2,212
img_jdp9y,86
img_xosq7,100
img_yz0mr,2
img_7fvon,440
img_fza7p,114
img_a3jls,386
img_e7pvf,379
img_hrsx1,90
img_zrm84,324
img_h92oq,426
img_uc6oh,271
img_j026y,271
img_l0fbl,359
img_boiux,90
img_wj9hi,260
img_39dyb,478
img_zfx7i,83
img_esvk4,247
img_0njm7,189
img_0hsw7,432
img_5jnni,34
img_di6qz,352
img_rwkpv,497
img_9sfta,71
img_n3kp4,98
img_mnil5,497
img_0u8rk,338
img_ev94t,479
img_8ms05,233
img_gd3g0,69
img_dypvn,488
img_wzovu,100
img_f939m,107
img_p9ywl,353
img_jambw,122
img_rnvir,338
img_z89tw,103
img_h0o5h,457
img_8yi86,282
img_cwuc8,31
img_qxq81,384
img_a88xi,327
img_wua1q,422
img_hu89c,98
img_xs5zk,394
img_8b6mi,356
img_yut4u,162
img_2b9gh,319
img_5ihd8,233
img_arfp4,171
img_8xmf7,153
img_a2tha,137
img_nhd68,157
img_em4mb,343
img_f5t62,283
img_qnfi3,309
img_3rqdn,281
img_vnjce,138
img_wj9wb,289
img_6n07m,143
img_zbhxq,168
img_9acsz,119
img_2047u,348
img_ll9nk,197
img_xgyrl,194
img_2fisg,194
img_8afkf,282
img_dcu4y,297
img_pa408,162
img_4wnpe,279
img_k1qym,65
img_9zv6p,202
img_gul8k,452
img_5ojlr,235
img_4yzzk,32
img_t211a,213
img_j7ma8,169
img_tyufa,257
img_uyzh6,232
img_puim5,260
img_joz8b,454
img_tnvgb,48
img_b359w,37
img_yrjj2,215
img_fs5on,99
img_0o0hj,276
img_fmpa9,304
img_xg0fh,484
img_te7s1,229
img_at3d7,365
img_xau7c,199
img_e2vw1,248
img_nqcpn,463
img_06136,269
img_mzcp1,77
img_48kgz,17
img_i83m7,30
img_tnllk,366
img_hfoj6,212
img_nudns,213
img_r95pj,424
img_nulfw,289
img_xjfsl,18
img_ti0kc,409
img_wi8za,50
img_j1puu,13
img_z7ghj,60
img_wxtj3,244
img_4gfcw,270
img_2uesp,284
img_eus3o,380
img_9knws,197
img_ztxaq,27
img_kto6a,318
img_jway9,153
img_qnb86,482
img_hvj13,198
img_29a90,360
img_15bea,492
img_dzlzm,96
img_6bsmi,472
img_4t1gw,405
img_hgh0e,488
img_tjyit,448
img_rl5e0,409
img_nlray,358
img_ysggj,378
img_67n2s,245
img_0jop6,327
img_adkf2,147
img_9j4gk,176
img_km4hg,219
img_lp781,4
img_m88m7,241
img_dfmdq,399
img_lt4yv,10
img_b66y6,35
img_d5izq,44
img_jutbq,361
img_xkh28,213
img_23rt5,208
img_tqu87,268
img_zqc3k,332
img_ny1gx,132
img_bot4j,436
img_fh3id,32
img_q3zd3,479
img_96nru,244
img_8ioje,404
img_a5i7e,99
img_473od,330
img_3unta,208
img_5hr66,415
img_d5zr5,227
img_enke6,444
img_zj7dy,81
img_lz555,481
img_nqhoy,284
img_bfjg8,330
img_l1pzo,134
img_3t8rt,416
img_ua7ew,473
img_6rfw8,178
img_uvw0x,373
img_dhqjm,99
img_75u3f,259
img_fegcv,122
img_49qy8,378
img_eyw17,434
img_wygrm,430
img_hlnxi,258
img_9og6l,376
img_4avhl,34
img_nvmu5,446
img_38g3t,40
img_lh8e5,138
img_6qgsh,44
img_chqj6,13
img_t4h3g,183
img_a0bt4,364
img_ro3zi,320
img_tswdl,29
img_blzjh,460
img_55k7z,195
img_oe06l,127
img_0vuv4,351
img_y9h66,294
img_3jgsm,355
img_6215o,31
img_t9g65,333
img_y7n3u,192
img_un963,76
img_bb11z,223
img_cu8vn,87
img_5wut0,251
img_gq6h2,437
img_hgikj,44
img_fj1gj,301
img_3z5zt,44
img_ww2hg,176
img_m83x4,297
img_m64pj,194
img_ar5u6,418
img_rk63i,174
img_d3ioq,380
img_wsfub,334
img_7pfbb,115
img_emumx,459
img_hj9py,62
img_0sx9p,51
img_6p79l,367
img_qk7zl,289
img_qq1le,425
img_hcgsi,64
img_vnktk,155
img_9lkr0,442
img_5zgas,58
img_np9yh,359
img_q64qf,456
img_iz398,12
img_bbean,359
img_rr2g1,455
img_2xbv5,284
img_nfg8r,80
img_sdvpe,423
img_7d78j,382
img_ix8sz,67
img_c1ga9,86
img_xqf7o,142
img_f30sq,233
img_7f87w,294
img_xzq7q,154
img_5r7u8,336
img_hnt96,479
img_nlebs,262
img_eybux,436
img_pud8y,119
img_2umsb,294
img_jl7au,446
img_woju6,435
img_d774d,366
img_tdarw,131
img_l1es4,107
img_5lst4,475
img_iqg54,343
img_a64p2,103
img_uizd1,134
img_kzuxk,361
img_udj11,496
img_tu0j7,425
img_40984,124
img_zo3x4,251
img_opdps,284
img_2tndm,95
img_i5sxy,460
img_kfyhx,204
img_07fik,261
img_z6g44,141
img_f8xn7,240
img_b4psy,35
img_deplf,261
img_gx9wc,192
img_tv7st,203
img_jau6w,57
img_kwwup,331
img_88ynr,182
img_vbxt7,223
img_j77et,70
img_7xn37,334
img_9x4hx,244
img_jzajf,342
img_hrmyb,79
img_m9ibq,463
img_8snt3,46
img_8vfqx,252
img_qpw8l,302
img_m896n,304
img_iq4d5,259
img_8pde0,351
img_nzrqu,448
img_pqoc0,155
img_aiapm,344
img_ddr8k,258
img_m3bjc,439
img_qirlo,32
img_6xhou,385
img_no30d,127
img_mzlk3,219
img_6h84t,87
img_rlhtk,496
img_v010m,179
img_q6oi2,177
img_dif9k,92
img_lwlfw,60
img_97nxs,464
img_i7q54,190
img_82806,203
img_vylk8,310
img_prf7h,311
img_z31q2,213
img_c9fog,97
img_dsbd4,415
img_22sef,169
img_jog2p,22
img_a6nwh,159
img_slnbv,435
img_ibuf5,472
img_6yaet,438
img_1lmiv,265
img_rd0rd,174
img_ls5oo,3
img_336i3,271
img_i1opx,373
img_zfao3,329
img_8nirs,467
img_r4uqj,27
img_qqqjt,138
img_aa42g,496
img_oks7d,306
img_z4zph,309
img_avlra,454
img_8w1m2,469
img_ha6yp,289
img_41gld,41
img_jngyx,496
img_eu42t,451
img_ddk0e,454
img_lc7ln,475
img_altt7,163
img_iu44x,208
img_ydus7,172
img_8t93v,350
img_y6v8x,320
img_9wx8n,278
img_pgsez,198
img_w9z84,353
img_12bqd,326
img_c4rlz,211
img_d5c0e,153
img_4k18x,235
img_1jaxz,160
img_5m985,186
img_kesw1,163
img_3tmus,13
img_uow0h,260
img_73o6w,282
img_emeli,256
img_0u8mr,40
img_ky5ds,480
img_u5ot8,159
img_kq6d5,196
img_fucke,99
img_7ygl0,248
img_crwfy,65
img_cu15n,100
img_4t7sk,116
img_ry7x3,322
img_ja9k3,44
img_q6120,254
img_pkliv,448
img_3z6rk,39
img_p3s4t,7
img_hcbvt,102
img_puqc5,304
img_cvgkg,110
img_4o44g,135
img_2p9c1,95
img_tfitx,162
img_bmr00,435
img_5vnvq,96
img_qp52l,123
img_6aqte,103
img_c2mbe,158
img_mtumg,438
img_ws5q9,128
img_yf26l,345
img_osw63,334
img_wgx51,46
img_jy7ab,184
img_il3hk,183
img_bszl8,344
img_pm2ar,373
img_1w7r7,465
img_39h9s,120
img_z5lcj,269
img_j5vdq,358
img_lt13r,68
img_qf7q4,303
img_ki7ch,130
img_ghn6e,329
img_9a6ka,101
img_i280g,203
img_jv894,298
img_wsfvo,245
img_nf70o,256
img_svija,304
img_8cvp1,467
img_3b6oh,189
img_a3z1h,322
img_s46m3,452
img_lblbd,342
img_p47z2,78
img_qpsiu,69
img_qlwxt,453
img_krgjl,29
img_vexe0,423
img_x46xe,294
img_sevkh,178
img_o8qlz,197
img_0qizr,337
img_moogk,48
img_ecua7,35
img_q7fri,162
img_r9xmm,60
img_co6vx,449
img_k278f,303
img_jtfwg,85
img_gmr6b,6
img_q7lcj,75
img_524un,322
img_6plbw,42
img_ef534,17
img_vto2j,148
img_x8mlz,475
img_nkdk7,66
img_30xmb,321
img_b9293,114
img_cvovk,171
img_y9yiq,469
img_ixg5n,406
img_2qn5w,235
img_op6t9,331
img_s34ri,285
img_t4md7,431
img_todt9,487
img_c6xr8,131
img_pcu0a,480
img_b678i,377
img_fab4i,313
img_69yyt,492
img_0wl91,340
img_pixlb,164
img_7ro8i,367
img_3z0di,150
img_pjyke,194
img_4cikd,343
img_os94h,292
img_itk0i,389
img_eys02,496
img_um0w3,362
img_67tut,177
img_lzh43,236
img_hiv6f,7
img_dpmr3,84
img_1g2i4,123
img_aeies,44
img_txxjf,300
img_fqmlx,254
img_63ibu,392
img_oi0ks,218
img_6726e,292
img_llqou,232
img_1r47f,230
img_1foxt,151
img_lya62,7
img_oninr,246
img_oa6rc,304
img_3od0x,459
img_7z9d5,245
img_aow84,31
img_19h77,92
img_ajjnt,62
img_0ry1r,389
img_wub7f,168
img_mjf5w,60
img_ltdho,391
img_33lka,69
img_ir0mh,167
img_47dmg,496
img_mb5p5,2
img_2pkws,226
img_lqq04,465
img_xqnrv,81
img_puo8w,241
img_lll3v,200
img_aslez,366
img_blxpp,344
img_o8e8e,144
img_fhq09,223
img_qmz4z,439
img_zzqft,486
img_a5dld,369
img_bvf62,236
img_g32ad,20
img_30tj8,327
img_agidz,232
img_4j9my,111
img_8m05a,253
img_jerdj,186
img_1rcsi,160
img_b58jd,318
img_57m1s,67
img_yb7t6,358
img_vokaq,156
img_q1z3k,479
img_qbobg,190
img_9jk7i,323
img_xx2xs,77
img_4mqmn,70
img_oy6lq,30
img_i08jo,385
img_tykx9,26
img_hcotf,204
img_m58x7,153
img_3mnfw,384
img_lzsga,207
img_g8nox,167
img_a8zv3,484
img_kn07h,252
img_yr6y0,302
img_dyq9c,160
img_3ew9q,219
img_7vq80,372
img_b3vg9,217
img_jnbaa,188
img_jdm9o,1
img_nm1qr,496
img_3t1kk,214
img_u48bb,195
img_3lg7y,236
img_9xozb,278
img_w1s7n,43
img_joys2,13
img_uojd2,390
img_mq3i1,345
img_4vf7g,348
img_9y805,182
img_ldzyr,291
img_ci2q6,436
img_742jp,446
img_re59r,271
img_a0z99,37
img_1415s,46
img_8eewb,301
img_23215,272
img_b54gd,32
img_ob7yj,307
img_od6qh,183
img_fhwq7,113
img_6vgc0,313
img_o8k7i,178
img_daqrv,349
img_k95xf,231
img_clk2s,167
img_f7zhj,410
img_i1yb8,87
img_ddm80,294
img_t0v4i,398
img_x7g73,222
img_3hx6w,355
img_z2s5t,468
img_d27h7,284
img_3n7u9,204
img_bqlsn,151
img_fzd63,139
img_wd4w2,189
img_4c2m1,330
img_y1sll,75
img_eq30f,182
img_pcuh8,32
img_lbv3n,405
img_ni6ur,3
img_khox6,160
img_myokk,261
img_jl7xt,167
img_vq7vl,154
img_e1u1m,161
img_rpeve,64
img_muf7t,131
img_kp1ey,157
img_ewdqw,96
img_ovlzn,101
img_dmet4,468
img_n2el0,54
img_w8vyt,33
img_yd0yk,384
img_lhbn6,328
img_3slgc,400
img_cyde5,7
img_8iqlq,296
img_nvbtf,143
img_ig138,274
img_btsc5,80
img_a9zwq,132
img_ouar1,379
img_27exz,31
img_kg6pm,142
img_b8f2n,382
img_94hsd,459
img_cdcgc,485
img_5ct6l,401
img_uekl8,134
img_kd12y,88
img_elwb7,168
img_7h38n,128
img_r250i,362
img_0elp6,288
img_ic8pm,69
img_i5dvv,415
img_u896p,365
img_9ds6y,406
img_etvid,379
img_7xfyp,95
img_e3k0j,418
img_q7kt4,376
img_30142,15
img_u0w2i,366
img_b0qjz,239
img_gfix1,65
img_0nn6v,80
img_dl0xe,259
img_c0zly,181
img_3nry8,208
img_gymaf,388
img_k9t8y,18
img_7kk24,458
img_851iv,399
img_bsuk7,32
img_pv39w,95
img_gpuio,203
img_kac7i,321
img_yzaps,29
img_5z3fh,119
img_9qqgy,15
img_l8mc7,327
img_y5qpy,55
img_w8pet,458
img_tw18h,428
img_31ofd,99
img_ygt3t,465
img_24ouy,1
img_155j9,444
img_qe6l2,178
img_yoc3t,310
img_porj1,355
img_8d6hf,378
img_5zce5,113
img_kgjw6,470
img_2vsxj,225
img_bt2q1,89
img_7q06n,182
img_bhqpm,467
img_1uvic,255
img_txooa,202
img_j32rk,324
img_veipj,74
img_z0mtp,430
img_xoxdu,10
img_33dw0,295
img_wblwi,125
img_0evii,83
img_ckf8l,44
img_rokx3,35
img_2ccxv,204
img_ugb5a,35
img_9znh0,497
img_15cp3,349
img_15ua7,93
img_qqg26,170
img_8pwmu,239
img_x6htg,498
img_066uy,320
img_35pqz,0
img_w39xs,438
img_9vlnj,0
img_fioug,295
img_ssfh2,344
img_v02lo,39
img_ek85d,371
img_tff7n,156
img_33wtm,355
img_opq9k,277
img_pms6s,266
img_l1k16,123
img_6muk8,82
img_lpc4w,110
img_8b2zz,65
img_komr7,428
img_tsy8s,477
img_4bpvg,54
img_b2nz6,377
img_bffuu,171
img_z9d0e,414
img_3amd3,106
img_9y4dr,245
img_gv0v3,425
img_0pixt,171
img_bxzjm,7
img_f0qfp,134
img_rv3fh,97
img_o7a9d,436
img_egr74,171
img_tjooh,172
img_aryrt,433
img_fypo7,27
img_hpmwp,332
img_d681e,413
img_wlj12,334
img_534w7,199
img_jxvlb,122
img_l1odj,183
img_fdqm6,455
img_dejss,57
img_o9deg,350
img_g6lk8,350
img_iyq8g,314
img_302ya,256
img_1i72l,487
img_bzhfu,271
img_0zpto,457
img_vfvo9,462
img_43gf4,468
img_f9rq3,161
img_t6sou,388
img_eym20,486
img_40ywi,212
img_e9kjq,201
img_n7ttk,303
img_5b5ee,304
img_bysry,84
img_spdn2,194
img_uki8b,365
img_l584p,37
img_kbr7c,386
img_snmd4,207
img_ix3bb,381
img_ed0vm,205
img_s5819,237
img_hf49e,139
img_vxv36,316
img_3d58z,181
img_dcnnb,90
img_2b8jp,53
img_unhag,116
img_j446y,183
img_plirc,355
img_g4205,323
img_rsugt,498
img_o3zhn,240
img_xgok2,277
img_5z2qu,142
img_zh4i4,309
img_0tfav,192
img_pcizj,24
img_dbze4,347
img_83dl3,266
img_wyekw,23
img_g6ges,474
img_c74bh,298
img_bu0za,351
img_qe3c4,182
img_te4eu,261
img_hlx4y,173
img_o9xkt,114
img_quthd,47
img_rkcof,421
img_wec0e,391
img_4jbqh,451
img_mjb73,178
img_lxclp,329
img_csr5s,472
img_jz1yz,31
img_9ebz2,68
img_domo2,30
img_sao4w,471
img_2pfr2,333
img_zhw93,182
img_o2fem,110
img_sgwnz,355
img_q5tnu,16
img_a5ko0,172
img_ij9uv,174
img_b43if,384
img_i5hy6,487
img_5vv11,269
img_6yru0,250
img_ri2db,95
img_vlpy3,80
img_69asv,367
img_hyaxn,96
img_2r5cf,114
img_j3e21,401
img_yms5u,130
img_upg04,148
img_2pfgu,193
img_cr43z,285
img_prtvk,25
img_qsolo,53
img_pk6po,131
img_j7roe,27
img_seq7l,339
img_cj57v,338
img_9bryp,373
img_skyqs,299
img_i9g6h,148
img_a1r0d,145
img_nv98m,464
img_svm4u,62
img_p6s1h,492
img_ext5a,261
img_7m0pb,214
img_y70qz,313
img_ler2q,204
img_i8b62,313
img_6dq6b,230
img_4niky,243
img_ctnq7,261
img_h4yey,426
img_yufst,135
img_myy5d,318
img_j3uum,263
img_xs8k8,328
img_7hscw,46
img_rgfgj,260
img_1fhlc,361
img_jgnai,496
img_tco0i,275
img_6ztqk,169
img_2hbam,70
img_lickj,289
img_gdpy7,486
img_y1pza,77
img_bt7qe,13
img_p6ofs,235
img_499r1,82
img_br3os,207
img_mngd5,480
img_w1mev,290
img_7rpvo,27
img_uec46,114
img_506fk,25
img_8ult2,464
img_wct2v,444
img_559jy,358
img_8u3pi,73
img_ib0df,104
img_jrr0g,212
img_ql6r3,2
img_1qfoh,310
img_36k9p,48
img_zbjw9,14
img_0apct,267
img_sgjb9,176
img_phxut,462
img_vbccu,261
img_ewwr9,264
img_zexn9,246
img_3jhun,498
img_amrqd,297
img_87arx,318
img_nc4tj,259
img_neehd,287
img_n99qi,496
img_n9mel,405
img_u378o,55
img_3gdb1,357
img_iimky,496
img_a4n6j,492
img_tf5v0,68
img_ee43l,464
img_92407,378
img_97a7i,32
img_jxm9t,0
img_5fghh,441
img_rj3ec,208
img_zfkbq,320
img_59dm7,96
img_enwxd,478
img_6b9db,252
img_9k0mo,31
img_aqx08,0
img_6vi47,364
img_zokfu,9
img_vkm6h,425
img_uqcnd,113
img_je1lv,464
img_u7fs9,462
img_f21xu,409
img_s93hh,40
img_hxuas,464
img_nrl5f,63
img_tab9e,492
img_v3hkl,59
img_551pm,433
img_oe1pb,379
img_6nac9,80
img_m8vt6,30
img_h21e4,113
img_vwrfy,307
img_r4a4k,210
img_zdvi4,172
img_qn6mb,334
img_r9o81,452
img_1u0v7,349
img_1ujza,344
img_qot1u,6
img_ioqbr,309
img_o2yc1,460
img_w5qmq,221
img_48ri3,54
img_di4q7,348
img_p4zq4,83
img_u0r0f,464
img_zmn1o,5
img_0utjz,29
img_d297m,49
img_9elxa,158
img_wv6y0,178
img_jdx55,205
img_xpjnv,291
img_onwxz,178
img_pi71v,453
img_dq80h,171
img_qj3gu,310
img_ztddx,486
img_g2ctu,247
img_bb0jx,378
img_ir8t6,300
img_iktgi,79
img_h7ooc,417
img_t87j0,49
img_3s047,279
img_smaiw,347
img_r54el,497
img_mjg8k,420
img_1suog,304
img_pr9oq,286
img_ha3da,171
img_i0cnc,172
img_ts2cj,291
img_jsjtv,334
img_i50ge,84
img_t8f0o,316
img_fkbw5,222
img_4qjkw,112
img_vgzd8,359
img_t6rjw,92
img_qht2j,120
img_1m4qp,311
img_5ydg8,265
img_b7jqx,464
img_450s5,384
img_iqoya,326
img_wi9b4,355
img_wruc1,296
img_er118,63
img_84st5,171
img_dqwl3,145
img_z6c31,261
img_zqqw5,251
img_q3y70,330
img_8h5sg,398
img_vsy1y,31
img_b1u8s,224
img_70syc,65
img_88m9v,174
img_0545g,76
img_je3qc,413
img_u9y7c,98
img_dmayq,147
img_owk6e,126
img_c3j00,493
img_su6zv,5
img_g58y5,209
img_uepe8,492
img_tw7jc,25
img_u9nuf,492
img_nlx7n,376
img_2d27p,486
img_5lslr,47
img_cvkqa,496
img_u3050,29
img_aaryi,209
img_7na1c,78
img_impm3,56
img_2hj1l,422
img_dje3o,78
img_yr96k,443
img_bksmz,142
img_iasa2,171
img_5duy5,0
img_o02hk,374
img_ihgmf,266
img_j5cel,458
img_z9e99,110
img_om6s2,418
img_25ylt,137
img_gkyix,132
img_iftda,201
img_0e7cd,54
img_h99j8,298
img_r5xjv,422
img_jj7w8,86
img_3s2hi,344
img_0z2xn,496
img_963mg,359
img_vcleu,98
img_e3mh1,449
img_3qh06,26
img_p83ak,347
img_ijxdu,60
img_fiz9j,204
img_pz1fa,472
img_gxdbr,425
img_o2sf2,99
img_vj40n,51
img_3me67,390
img_ikcdv,426
img_15lus,202
img_wamo2,209
img_uhs16,462
img_6fjlg,95
img_dpthi,41
img_3wwa6,329
img_1fqbv,248
img_cegym,31
img_bq8s0,254
img_9x9s5,134
img_uyhdj,473
img_gc9e8,150
img_fbx38,31
img_eh4yn,284
img_to4v1,231
img_klyqm,4
img_t95oz,178
img_h5btz,330
img_ay1o9,138
img_ufru6,237
img_9xwk9,277
img_b63zy,25
img_62wpz,376
img_rapr4,155
img_51glc,25
img_6brwh,492
img_27f8f,143
img_s9czy,100
img_9ix32,95
img_jy8nc,407
img_ib3kv,386
img_97brq,142
img_i2pdy,192
img_k3ids,368
img_owcr8,74
img_4vefg,409
img_amwjh,386
img_5hh9x,496
img_3jjx6,448
img_nfbqd,302
img_swcso,222
img_1rr5n,344
img_s8ytf,497
img_craog,481
img_e9bkw,157
img_yc51k,432
img_i41jg,431
img_flt6e,266
img_y3rgk,217
img_a9v0e,208
img_3iew9,2
img_41a0h,113
img_4hveu,330
img_ldnvu,229
img_048cc,263
img_7crtn,411
img_qzdmy,449
img_c3sxm,426
img_jm3te,210
img_txcd3,80
img_p1za7,457
img_8dj8a,449
img_v6jwz,365
img_dspfg,31
img_tp2y1,366
img_zxqgr,166
img_bsxsz,187
img_69ghe,55
img_zf0v7,107
img_z3tzs,463
img_ymk5t,194
img_d7k5d,472
img_hdn4z,70
img_iw2ax,246
img_rp13n,337
img_35sdy,364
img_3tnq6,70
img_xr3wo,207
img_uwiso,4
img_a60e7,102
img_gvtyp,450
img_9z73g,444
img_rks2o,102
img_bwfq4,241
img_2ghdr,450
img_kww0c,192
img_a1mxr,441
img_xgiqw,211
img_mxfh6,439
img_b13z4,111
img_hc9xm,328
img_1xvq4,250
img_d0fyd,62
img_x9hj6,19
img_eny76,495
img_mm992,52
img_001o5,99
img_w5h26,446
img_43l60,389
img_sja9z,244
img_3urxd,364
img_zle96,264
img_ahobh,159
img_8o6n7,144
img_dpesm,56
img_iikfw,25
img_zm813,167
img_ls5qo,320
img_2cbiy,241
img_25wwe,44
img_3dfjy,5
img_3dlph,383
img_0jegd,10
img_fmjv8,51
img_p931r,465
img_dvzj4,285
img_e5a10,49
img_w8ok8,113
img_i96te,343
img_ljwr3,142
img_ioir4,241
img_zebe9,48
img_ou33w,41
img_77ebc,190
img_bpdbn,336
img_yotbq,389
img_r5f15,321
img_7tg5y,69
img_01sra,391
img_lwqmu,479
img_24zgu,457
img_yk4qa,69
img_72nea,285
img_s4jfs,309
img_8vfdy,417
img_xtdyx,96
img_yyy42,194
img_j5j43,203
img_9a9ul,112
img_r2fuv,213
img_v6c3q,83
img_50bao,127
img_f6wi6,464
img_evt9a,373
img_8iwsi,279
img_urxk3,342
img_0pj5r,292
img_ppqoz,380
img_61pt4,494
img_i145s,440
img_17ifx,40
img_7mnnw,313
img_q5b88,131
img_15xcc,402
img_wdyre,196
img_ys8k4,283
img_snf3r,351
img_0064a,6
img_ca1ox,54
img_j3j1j,379
img_q512d,499
img_jgty4,31
img_qwrfb,203
img_x0gvo,205
img_vz13a,400
img_ezdpk,53
img_wffsq,72
img_8vsus,268
img_tqsov,435
img_9s9eu,408
img_2a5fg,117
img_7ps7h,340
img_q8j3q,300
img_8fpoy,491
img_bn1lg,433
img_ryu1x,21
img_dvkbm,334
img_y8khy,365
img_ohqul,302
img_gs4n3,446
img_tzovn,400
img_lxrp0,206
img_mfysw,355
img_lbg7i,326
img_ibmud,371
img_9wc5c,145
img_tkdwn,177
img_hvq5w,87
img_g14t2,228
img_ablv1,146
img_69bnr,10
img_du6qw,167
img_4i8am,462
img_sxr4w,384
img_6kk5b,441
img_zlbng,295
img_k0qzh,140
img_3ib5v,186
img_vb3w2,318
img_4nkht,195
img_vctct,171
img_nd0eq,38
img_ablmj,402
img_ih9tc,295
img_8qoet,169
img_3td54,178
img_94q59,472
img_qykxv,202
img_ufw1o,71
img_7xr7k,47
img_urir2,293
img_offf6,129
img_4crrs,183
img_xplfd,35
img_tdey0,323
img_gbzu1,250
img_7rhgm,125
img_xdt9s,466
img_u7403,387
img_2d63a,492
img_wg719,80
img_6yd8n,300
img_qyvq0,97
img_g45e5,103
img_ltncm,137
img_1zz0y,292
img_ttmca,173
img_k6iiv,160
img_kk1dn,427
img_bwh2j,317
img_4wa1o,157
img_jd448,388
img_ukkm1,383
img_yw7gn,389
img_90u0q,471
img_p1n61,91
img_g29ya,83
img_d8g0l,498
img_untnb,486
img_yw7iu,322
img_r1rlg,464
img_21cjw,100
img_b272l,480
img_ng36g,234
img_zqcbe,47
img_in7sm,100
img_vpqht,352
img_xkrwk,204
img_jsv55,258
img_hmbu4,263
img_rf5xg,499
img_uvvml,44
img_abrp9,331
img_rtxlk,154
img_ar03z,134
img_9vg94,65
img_etl4t,384
img_d8loz,97
img_v9qt6,167
img_edgbs,395
img_csv5a,384
img_bw56x,377
img_vvfnd,302
img_v8ue6,371
img_b9usv,376
img_n9u3t,39
img_m1y2x,124
img_3ookd,254
img_n55op,261
img_2igqq,119
img_tbx50,323
img_fjpxi,496
img_p1mfm,328
img_ecqdz,63
img_s1wf1,472
img_f64kd,95
img_0uq2q,429
img_55t6x,286
img_h9lba,15
img_wcdmo,88
img_em7yd,124
img_aysmz,114
img_isb6l,192
img_84z48,264
img_ehyi6,47
img_femxo,462
img_s1lqx,47
img_r59r4,224
img_9o2kh,459
img_lrjlr,255
img_dhy6w,239
img_v66v2,106
img_3krn3,98
img_xzh2c,164
img_4vwok,217
img_r6x3s,236
img_076zb,77
img_91pqb,346
img_sys3u,300
img_swuaf,115
img_byntk,206
img_btbdf,243
img_qnmsy,435
img_4nwvd,373
img_qh9pf,169
img_srzld,315
img_f5ivr,140
img_bzzib,97
img_1qaps,464
img_l3f1i,160
img_3j634,114
img_gxbrw,71
img_xyqbz,137
img_i52nk,421
img_w787v,159
img_sw5y1,84
img_john3,84
img_biv6k,257
img_vvkvi,330
img_2xnpl,295
img_1zh5t,331
img_bw9m5,151
img_0dbwe,241
img_kdl2m,51
img_dkdqa,146
img_7utj4,377
img_jel85,278
img_as0na,51
img_uyr64,151
img_j3qn3,357
img_rco4n,333
img_jczjl,494
img_h0owo,88
img_zmvxu,60
img_6eko9,50
img_x12as,66
img_g4kmb,2
img_lnrgu,47
img_d71nw,340
img_e34jk,322
img_wkz0o,261
img_58vo4,484
img_hamyl,379
img_5sbbf,499
img_go0u6,324
img_cpn1y,260
img_r86or,216
img_xloj8,263
img_oav7m,261
img_lriz8,275
img_d8h9o,443
img_pq5jc,471
img_p15s5,299
img_g9rhr,368
img_1sojn,238
img_kmhlp,218
img_90qn5,411
img_4u89a,257
img_i95c6,102
img_r69pi,433
img_0usau,33
img_1n9vt,462
img_rsmo4,3
img_8dpfp,427
img_4iymg,171
img_vt86e,401
img_tfs2x,145
img_634pf,439
img_21xzw,234
img_jh8hl,254
img_o7cmf,382
img_h7ulf,200
img_25u4o,453
img_bodcv,253
img_39osn,144
img_6dm2f,404
img_mdii7,40
img_e6of2,253
img_215f0,15
img_xgtdj,150
img_gn7gy,273
img_l9ikx,455
img_jptz5,143
img_pnts7,490
img_p2bk0,199
img_zx57s,284
img_flmij,234
img_ejmwq,350
img_nd1sk,351
img_m0hnd,489
img_ez9lg,328
img_rr6gn,66
img_9c7fs,220
img_z4zop,135
img_uenv6,181
img_7qmgc,31
img_ooafz,136
img_btto8,384
img_lv6fc,210
img_qu5kf,267
img_12jwj,378
img_t8av1,462
img_0rf6b,332
img_oajyv,165
img_gqf9x,179
img_xqoju,462
img_exq7f,129
img_oflku,495
img_ob4uu,295
img_4q5hn,448
img_sqatn,379
img_4gae9,412
img_53ewz,240
img_5faeb,349
img_d62tq,331
img_83916,318
img_ylr23,211
img_nadyh,496
img_1p4ll,401
img_hsc4l,341
img_w0m6q,323
img_qet6j,269
img_gm51i,279
img_5v9sr,257
img_fmxcp,163
img_0v57k,302
img_li2vy,132
img_vzpfh,445
img_kzoov,317
img_tiit1,381
img_bhwgo,281
img_fupfu,70
img_kn2pl,325
img_kfbkk,185
img_ucqrz,481
img_9oo81,98
img_kkrxj,281
img_m7kvx,488
img_hjs7t,464
img_2g9p8,480
img_8s7d9,105
img_d2d5g,91
img_hf8qk,61
img_kh2d7,12
img_zzfgm,41
img_jp9dm,427
img_jfpp4,272
img_682dy,31
img_bymzs,323
img_k8nb9,464
img_0ngkx,83
img_8pd0g,322
img_i5w56,165
img_b0b5w,234
img_q8yc7,356
img_acl4x,109
img_1ack0,454
img_tpkeu,498
img_x90fh,337
img_ze4on,70
img_pek8f,384
img_aabg4,208
img_k718k,61
img_l78x3,272
img_ynldk,212
img_w5ipt,17
img_d30ce,114
img_o2o99,2
img_vfala,314
img_glcpt,392
img_upisq,453
img_abrn9,128
img_v7wbm,43
img_ci2gv,433
img_x5gag,321
img_1p2dn,156
img_jbmfc,60
img_edm3u,142
img_9cach,400
img_e05ds,194
img_wngju,47
img_8wl9f,370
img_jkzqe,4
img_s2azm,238
img_53l1k,192
img_i12cw,231
img_mgyg9,469
img_pk3e8,331
img_xem55,395
img_rg7ox,191
img_hiu3s,459
img_jzdxa,106
img_t387b,31
img_xjocz,334
img_oicw7,232
img_tl45g,373
img_jtgvk,355
img_qt76f,339
img_wixdb,267
img_rlqub,166
img_fc2bx,422
img_8366c,337
img_4plbu,297
img_q7xrb,359
img_ycqbk,269
img_k5rkb,267
img_cck70,296
img_tnq62,384
img_xe9a3,129
img_wuv20,496
img_oxtkm,37
img_2dvnr,77
img_boq0u,90
img_mzzat,446
img_742y7,38
img_aow03,67
img_j6uhx,250
img_429tp,147
img_pgkcv,314
img_vi2xf,70
img_bkf9y,487
img_mhpj1,275
img_f1kzo,264
img_tzbbr,488
img_71l6g,146
img_zyb7x,308
img_kclp3,443
img_yqvb3,285
img_bprn9,66
img_vtprc,38
img_r2mpg,71
img_fpa18,303
img_6rnnj,246
img_ditft,414
img_enre6,199
img_4ib1s,31
img_u8ncn,173
img_jcqeh,364
img_cuzas,67
img_6c4hx,96
img_07wml,189
img_fykfg,96
img_b8nmv,480
img_xhczt,328
img_r6x4l,80
img_6c40y,210
img_55myr,228
img_jsjc2,383
img_18oyg,37
img_8hyne,120
img_c8gjd,370
img_lo0it,223
img_e0x8g,464
img_xv9pr,261
img_b3zso,364
img_9yev0,462
img_llswm,373
img_26rvq,137
img_wfm1w,236
img_6mw5h,453
img_7kbw0,497
img_pxlma,144
img_ic7gw,110
img_6p52z,494
img_mnkff,424
img_cwxw0,355
img_ahel6,477
img_fkhuc,304
img_59bhl,169
img_zwtqr,149
img_e17nr,155
img_psxv6,452
img_jlqdm,309
img_jyb4q,445
img_1s4qn,335
img_4d3hi,409
img_btexx,463
img_pofnn,382
img_ryaf9,303
img_h7kf3,413
img_of2d4,399
img_37o4n,68
img_3plw0,265
img_lo8d0,230
img_r96rb,183
img_g6fdz,291
img_mqo4b,212
img_yiiat,316
img_uhz7v,399
img_vhxym,24
img_xs1v0,401
img_giokc,367
img_fcu4u,321
img_xibqw,368
img_1zbjo,14
img_xtx9h,326
img_77nd1,474
img_ct4s7,225
img_ei8qr,149
img_xcsws,372
img_7kj17,301
img_zhc6m,219
img_r83cv,294
img_p86zc,263
img_mboo4,464
img_vfsmo,266
img_a0yqh,257
img_lzc3e,15
img_fuly5,349
img_lrdj1,198
img_qqvd2,245
img_l0wzu,201
img_11muz,364
img_19eq2,137
img_wrkn6,48
img_wx528,493
img_f0inr,419
img_5yknv,5
img_2ggbl,5
img_lrhik,458
img_ongpw,482
img_zyj4x,472
img_ooo1d,466
img_g2zcd,413
img_1my34,361
img_ka6wo,322
img_8ixfe,28
img_ajofl,173
img_03y98,27
img_6mnpz,386
img_o6qdb,123
img_v679m,454
img_btu96,133
img_nhoe7,313
img_537gk,306
img_9mnr2,192
img_re1e9,261
img_tbj8w,78
img_xe7g2,496
img_xu8vh,439
img_yrnz4,178
img_50jfr,153
img_c4u1z,213
img_do30w,312
img_99ga8,146
img_3u36y,437
img_kpnjw,236
img_2ydo7,32
img_idz0a,322
img_u3y9h,64
img_ruphh,243
img_s8re5,406
img_8r48w,17
img_e1mfu,446
img_qw7qf,192
img_reoru,183
img_vptym,384
img_l43jc,35
img_z2elx,270
img_uy93q,412
img_zn71u,266
img_vb2ls,149
img_vnk2a,222
img_vvkj1,210
img_m52ii,450
img_xxs8j,223
img_03v2f,97
img_vqp7l,384
img_95gv7,131
img_5eqd2,45
img_9rbno,215
img_pioi8,176
img_dsr7x,113
img_k2y1p,359
img_g9rbs,141
img_zea7f,265
img_w6i1v,247
img_a6of2,186
img_9cjoj,208
img_z9ghl,340
img_9zqfm,22
img_wqp47,345
img_ltwun,413
img_9093e,291
img_bt6uk,453
img_cfnnu,455
img_odc4r,428
img_iyvxb,271
img_thj3q,451
img_n5z6n,172
img_tagf1,417
img_d0mfn,107
img_i3gz1,481
img_8teyf,20
img_3dqom,273
img_rvd4k,498
img_iddix,357
img_09t4e,97
img_l78ym,313
img_7buh8,147
img_as3py,102
img_82ktr,247
img_npjpp,5
img_89fwl,20
img_r737o,322
img_t037r,357
img_oqh8v,192
img_dpwcs,263
img_l6m8f,267
img_50se5,254
img_bhq0v,75
img_fl8n1,203
img_tuvxy,464
img_2mocx,293
img_fa2p1,80
img_jai40,435
img_xhnem,406
img_ua3e9,351
img_6abyh,75
img_p8zmh,194
img_vauyq,422
img_wtk9l,257
img_af4r0,140
img_xhpin,313
img_gpahw,179
img_rxzao,457
img_juzub,309
img_yknmq,498
img_itied,277
img_oxiig,22
img_41ygn,33
img_0jlwy,121
img_1fany,217
img_0jf4n,487
img_b9bdn,364
img_lezmv,411
img_8edla,419
img_vyad5,90
img_pk6bj,435
img_tayjg,223
img_iyoyc,151
img_q775n,41
img_czpl1,60
img_jtvz4,224
img_orgj7,260
img_e2c5w,385
img_ng9q1,381
img_35ygi,271
img_qby5d,138
img_cff0w,479
img_stt4l,169
img_ws3g1,404
img_952ms,418
img_sudrx,198
img_kqepc,94
img_63o11,283
img_115vf,36
img_ywz7b,148
img_jbwqe,178
img_bjett,107
img_7yzy3,58
img_hne9i,286
img_n0sfu,482
img_ty7ii,458
img_fm790,153
img_c8akd,224
img_7f5hl,105
img_6xnj6,473
img_8zl8v,239
img_etsrv,410
img_dqlrl,346
img_1kvkv,17
img_36h57,154
img_i17mv,206
img_71kpa,325
img_yc1gv,361
img_tzydh,0
img_26os6,91
img_j1oqz,425
img_1tr6e,32
img_28byx,95
img_f8olo,419
img_6fuwq,481
img_3fotc,349
img_8morh,314
img_xxax8,414
img_0f3r6,491
img_zv8lj,192
img_u3500,94
img_h4slx,117
img_szed7,295
img_ysrbi,158
img_8r65a,127
img_3kgri,283
img_uyq9a,158
img_dup5n,249
img_al509,463
img_upljy,397
img_r5w2g,52
img_wx771,107
img_eje7n,299
img_nboo3,441
img_dajpb,374
img_ksmsb,420
img_qjvvc,161
img_v0gbe,18
img_912gb,12
img_qfkti,267
img_gre9e,116
img_ptory,53
img_vtem7,332
img_6b0mj,426
img_c9wcq,390
img_zzr8d,129
img_fz5gl,83
img_8qgud,52
img_g3f6y,213
img_6trhm,177
img_dvmh4,318
img_fhzef,3
img_a8bx4,151
img_6wirh,151
img_0t2qa,449
img_le2bl,143
img_undzn,224
img_00654,340
img_o9uj1,494
img_nxslk,124
img_u9mhh,430
img_54zps,499
img_9u8l1,438
img_2r23k,178
img_ail2e,84
img_g4ltb,183
img_qc3cn,127
img_fblgn,142
img_vnzsv,159
img_zpydz,211
img_rjb6k,232
img_tj50z,313
img_kypep,184
img_ox6t9,417
img_ynyew,422
img_p4hck,248
img_l13rt,382
img_einqw,99
img_vxwnb,270
img_u8qyy,232
img_j8kqo,58
img_8zo0c,298
img_1552z,453
img_qyka5,420
img_jv9us,131
img_ixagc,50
img_7q4lq,241
img_bsvdl,314
img_v9nec,250
img_s4o79,417
img_5ep4b,315
img_c2s1e,290
img_fsqor,60
img_02w2u,344
img_xr70r,435
img_3zmwh,368
img_vnwne,217
img_q2kyz,138
img_ss7id,60
img_rzmek,486
img_7kq70,97
img_p4sho,224
img_j341d,263
img_qtoj5,434
img_1rl0r,84
img_ss4zf,56
img_d0aws,117
img_4uf0g,36
img_f19tv,129
img_jbytg,361
img_38ckx,113
img_xfhmu,9
img_1a39m,45
img_c9n9k,333
img_oj4k3,227
img_a6okv,283
img_igot4,449
img_2qrhh,268
img_qohwv,487
img_ye91z,425
img_usob0,246
img_2p9jd,50
img_6100e,70
img_2v5zw,289
img_eadl7,145
img_vu5ki,185
img_mitkr,110
img_0m4vu,447
img_36sxp,155
img_c2b7h,338
img_dlnio,280
img_ylv29,227
img_d3naa,436
img_02ck6,354
img_1ifkl,320
img_ly1m1,263
img_r8skp,437
img_7eauh,169
img_bqcgu,379
img_d9jd7,335
img_evjl0,305
img_i866q,473
img_e9pow,131
img_leis4,330
img_itn1l,78
img_z9yjn,5
img_mdh1g,207
img_w5a7v,257
img_on5yx,37
img_tj15b,276
img_8m3of,134
img_tfsph,93
img_ydxak,61
img_pbw4x,498
img_7vrvr,244
img_uki91,183
img_zllr1,142
img_bui1q,321
img_esa7k,315
img_9ywhb,468
img_z9zt3,209
img_86797,130
img_q6u62,356
img_wo6yk,183
img_qlmbb,52
img_b5eic,424
img_05ypj,336
img_7vzat,408
img_5u33y,118
img_yo5ry,465
img_0c23o,137
img_tyd1x,286
img_fhjnr,83
img_l9wy7,294
img_ijd1b,76
img_nzzua,485
img_faxev,398
img_6dovi,367
img_suyoj,418
img_44neq,316
img_q1syz,486
img_os216,96
img_bu9g9,444
img_mza0y,54
img_dnv5v,133
img_es7ft,253
img_j3w1x,477
img_gch3z,384
img_4lau3,138
img_4h6go,374
img_wrkrc,259
img_o3qmx,358
img_xa3la,480
img_ghxzv,297
img_2n2ue,205
img_yt1s5,472
img_afrnh,115
img_35fqe,416
img_p8rf8,438
img_9pw1p,261
img_c0sfw,309
img_pggkh,479
img_zgc4k,324
img_t1ymp,1
img_a559c,266
img_1llrl,219
img_o0ahw,95
img_wxm99,22
img_8lo5x,41
img_ekgyh,216
img_dgedl,215
img_rhumn,397
img_u0z4n,423
img_cl42k,292
img_cecvh,46
img_8y0nh,491
img_llrxx,113
img_4hte9,418
img_qhtsj,222
img_ug4q3,20
img_mt2di,388
img_qxrm1,371
img_4y5x8,95
img_p242s,485
img_9k8zo,349
img_z96aq,150
img_1elva,95
img_yi5m8,322
img_56z53,108
img_xmgfq,93
img_a9f81,268
img_48q64,239
img_2dtvf,328
img_7mlrm,381
img_xmb6e,391
img_oiaj0,418
img_fy01x,484
img_3uyao,137
img_13ds9,217
img_hgkq1,83
img_0n70q,330
img_dzkce,323
img_x4c4j,322
img_0xia2,80
img_7909d,19
img_l548t,108
img_ay5v7,165
img_hc75f,271
img_m6pdq,241
img_6cpyx,29
img_g4w1o,336
img_wv6w1,499
img_f8nbi,96
img_gb07a,318
img_197sy,496
img_2tpgm,384
img_h5pw5,416
img_voxdj,273
img_h5who,158
img_gvt1b,174
img_7t07a,19
img_cn2i5,219
img_w53vg,447
img_gckpi,205
img_d55u0,205
img_5dnt1,358
img_96h8c,116
img_n68ik,254
img_boak3,208
img_9tpan,467
img_jbzcv,430
img_5oujd,80
img_r78f9,123
img_t67nh,189
img_y14h7,463
img_lp8hy,333
img_ae4e5,361
img_h82bm,318
img_82znx,122
img_7zdg2,20
img_aph0u,259
img_m5cpt,194
img_uab7s,167
img_nlfs8,466
img_bznic,430
img_cf2w6,185
img_99hof,51
img_64kuf,227
img_fd59s,11
img_x2yd3,472
img_tn2vu,299
img_4gwa4,18
img_a1292,147
img_7jbn2,496
img_41qki,196
img_fp9zb,413
img_uuj7n,315
img_fyqqk,188
img_gh3nc,182
img_5dsr9,326
img_2g410,124
img_weab9,69
img_43z2i,306
img_y3xuk,34
img_pmurk,334
img_jpry1,462
img_kkf7m,81
img_tos07,228
img_anbok,213
img_nvb7d,86
img_k2ujc,169
img_pw3ok,13
img_3lc0c,497
img_et34u,99
img_72j3a,340
img_lpe8m,82
img_dtvnh,382
img_ibbay,261
img_8gw78,28
img_ezvwm,261
img_ypjzk,194
img_jjdfq,31
img_qw2ds,30
img_pzqdl,264
img_zpcmy,455
img_kukom,121
img_mdsjy,180
img_nfw3f,74
img_w98aw,389
img_84kg2,78
img_ypbjl,98
img_8octs,342
img_38k3h,462
img_e9yey,100
img_xbtdw,155
img_voxxx,166
img_m15z7,442
img_u1lcu,366
img_5ekf9,70
img_h4ebw,46
img_6g820,377
img_wg38f,304
img_ftpwm,107
img_n8iu8,233
img_j6p9f,446
img_39dd3,136
img_kpkec,20
img_ho7ax,11
img_t5lu4,114
img_knscm,183
img_qbt96,471
img_j0ufb,40
img_ijrs6,387
img_9nlqh,428
img_i3qti,194
img_xpjb5,425
img_nv17b,217
img_dc4n8,283
img_u5top,414
img_l655d,285
img_obxq4,22
img_3pmju,223
img_rx9oj,445
img_c2zg8,77
img_4j83i,154
img_mbh7v,439
img_ozzo2,272
img_uof58,438
img_7w2ak,266
img_hipqb,138
img_ti1bk,248
img_useu6,407
img_71ucj,392
img_6835v,190
img_ndbqt,66
img_dlrwn,375
img_na6pf,498
img_jubx6,374
img_c7arf,346
img_2sehi,460
img_bc2v3,13
img_2o6o1,160
img_c6p7b,168
img_22772,197
img_ci4wd,425
img_kncp8,316
img_fk7ul,219
img_yyhun,407
img_i1nms,471
img_9umuo,417
img_5g4ty,240
img_uxjin,450
img_j7ge1,60
img_m0son,270
img_3rojf,165
img_ib8v6,86
img_n57r7,304
img_bnork,394
img_qljr8,16
img_63zhg,283
img_kocan,208
img_mmcqs,494
img_3ej0i,105
img_o2ua9,458
img_nlzbc,2
img_nph7i,412
img_ucncr,146
img_xusj7,127
img_77lgw,336
img_z6n53,453
img_40724,288
img_7rmgr,366
img_z7kml,389
img_tsqmh,428
img_5dgb2,27
img_9r2b0,462
img_o0in2,320
img_k1g43,258
img_n1jlg,202
img_n6jfw,45
img_uxk26,203
img_km81x,352
img_ybjgf,245
img_vk33j,92
img_4ls7t,456
img_odeho,18
img_akej1,78
img_7ix98,418
img_t1gwa,33
img_h80v8,343
img_zu0m9,448
img_57eg0,224
img_quwkz,178
img_j5g5d,431
img_sx82v,35
img_2fwr5,261
img_oea0x,246
img_46gb7,344
img_jvgss,65
img_rcp9x,33
img_897qz,15
img_5usjd,273
img_m1noh,113
img_7nev1,489
img_at52r,59
img_r1c2t,38
img_lyf6t,100
img_ma3bv,263
img_50cph,207
img_dnb21,14
img_80kad,318
img_7fmhm,66
img_ypudt,361
img_e3a25,85
img_i6ne4,135
img_oe9dq,322
img_mm5ru,60
img_mqo4c,172
img_b57nb,449
img_xx4ks,46
img_offe3,470
img_v9dhw,398
img_agf7z,384
img_k9mtx,422
img_dikyo,374
img_wcomo,114
img_6wnxv,472
img_a6n6d,169
img_v2dlq,325
img_daupc,167
img_0ytsf,31
img_gaesu,65
img_xua49,335
img_xii7c,286
img_o914y,261
img_ddy70,322
img_0qp6n,100
img_1vjn9,99
img_7fv2s,11
img_phdte,2
img_58bb4,109
img_jae4z,453
img_zwzwb,226
img_qcs9o,426
img_w0b2l,42
img_40ecj,111
img_d26dy,96
img_tmaif,330
img_f4pcv,493
img_ucqy2,392
img_2fxt5,10
img_hp88v,358
img_a56bp,379
img_np8l8,298
img_n4ypv,284
img_jc8ty,303
img_ae7rr,380
img_dxtkn,41
img_ewhte,496
img_6x0wx,61
img_0ijzq,71
img_kzc4b,75
img_2goji,19
img_nz6n6,390
img_t39uv,71
img_4y4kn,162
img_ztfei,400
img_e1nek,438
img_a6kib,465
img_h58pz,304
img_pvsek,407
img_q0num,416
img_73la1,462
img_kz3dn,95
img_rrmqx,435
img_0vf06,96
img_y13r0,21
img_1lcp5,6
img_nefdr,219
img_qy702,330
img_pdlqg,103
img_tti06,258
img_nx52z,25
img_bkwh8,12
img_5a376,358
img_gmg3w,316
img_pmcpo,332
img_21dxr,183
img_tk04v,449
img_9tov7,330
img_55sfy,301
img_9r1ck,497
img_9w07c,291
img_ypd3e,407
img_6mawl,436
img_e04zs,96
img_77x8l,92
img_qdnrh,194
img_nerns,224
img_29bmj,66
img_9j4a1,76
img_91s9c,73
img_ezan5,303
img_udaj3,364
img_zn981,86
img_tk3x0,401
img_s1lvz,302
img_mi8ws,204
img_rv9pg,412
img_egkl5,260
img_af9o4,346
img_3wduj,377
img_bv1jf,246
img_dflgv,19
img_7qz74,32
img_1tl8z,201
img_2tn16,305
img_pi5s8,220
img_ms8lp,39
img_6dx55,447
img_pjreg,10
img_i4qpd,304
img_pagj4,270
img_szwal,411
img_oofri,114
img_5h6cs,99
img_ze03c,348
img_ussnl,65
img_os264,105
img_6kfon,479
img_zvwxh,457
img_25srh,357
img_f64x5,96
img_7d8kl,106
img_0jfnd,379
img_c0e48,208
img_s24nf,365
img_m6k6r,105
img_4mhj5,333
img_7qssv,162
img_7n94r,450
img_qa0mx,472
img_2vssq,233
img_15d7o,51
img_s4zi6,393
img_ml9f9,27
img_gljyn,231
img_med3x,31
img_3hjk4,169
img_0q5wh,314
img_1o4i3,62
img_ylca8,296
img_nimu1,101
img_80iui,33
img_ro3n5,12
img_5wtzj,337
img_bgf29,240
img_9ojh9,248
img_pgk09,341
img_r0arq,186
img_yrcfy,392
img_qdi6i,178
img_4r66e,69
img_7a02q,390
img_rod7s,362
img_q6n67,192
img_ur7o6,384
img_ynre3,316
img_aw37o,65
img_xf9sq,52
img_ods20,378
img_yahab,26
img_sr8aw,361
img_p5nes,425
img_ku4q0,80
img_395re,111
img_jts43,172
img_ahy5r,458
img_el1x0,120
img_7l6u2,244
img_nojnp,113
img_0p46h,193
img_31g9e,291
img_6ozyb,143
img_8b8bm,437
img_83x5b,23
img_hogjx,40
img_lbasi,220
img_lihbd,146
img_ztg7t,202
img_7kiat,5
img_rmdmb,481
img_llg2u,318
img_smfdk,355
img_w0rfb,291
img_peddj,16
img_4rl4j,69
img_dtqlt,498
img_pxjxk,237
img_578ew,76
img_pmx8k,423
img_9tgbs,132
img_tftax,285
img_36b78,439
img_rn12n,287
img_446wz,190
img_b1sek,190
img_d4kla,211
img_a5c6u,383
img_e9qcu,375
img_un5r4,446
img_lbz4f,497
img_0wraw,223
img_d0rtl,213
img_wgvkw,103
img_onmc5,21
img_902cl,95
img_qi06c,384
img_xcyz6,376
img_hcw6n,45
img_5k9k2,22
img_nifn1,229
img_dk4x4,140
img_czawh,219
img_sx9sd,80
img_zp0nb,44
img_obh9s,115
img_umvwy,106
img_5wrci,341
img_60uhw,199
img_f0hxq,486
img_0hhcq,357
img_ajot5,379
img_mg446,201
img_czuie,74
img_87h2d,411
img_u1lxf,97
img_b3rno,26
img_0qbxi,425
img_bd1kp,52
img_jktfg,35
img_g3i9d,462
img_reoej,153
img_gevbp,248
img_37iz8,326
img_mmbmg,239
img_0dva0,37
img_162ga,413
img_3qa76,457
img_0kn06,225
img_ghclh,252
img_be0jn,270
img_fz1kw,311
img_464je,242
img_zgkko,127
img_twdqp,11
img_i7xde,131
img_5a48p,147
img_6rjva,213
img_ot85h,259
img_8ohtz,255
img_72fik,42
img_31yg9,47
img_r09de,352
img_6x99i,465
img_w6tsi,472
img_b2mn6,237
img_sy5fm,245
img_42gwy,443
img_4dns6,41
img_3jg02,83
img_rdkhh,85
img_dx7oz,18
img_6vqh6,118
img_4h1f2,92
img_onjw0,112
img_wsuu7,308
img_e944y,411
img_3b1lx,81
img_kvo76,302
img_r463a,240
img_1adf9,153
img_qbz06,134
img_x4uwc,462
img_ej5jr,322
img_mjglv,233
img_rmh13,261
img_i63dj,97
img_3huvq,286
img_782wu,493
img_yj0lm,118
img_hzzk0,463
img_iq11b,195
img_d0phh,157
img_vq90c,23
img_yeo69,59
img_mo7m5,151
img_7k2fb,200
img_w9odc,365
img_fte3b,208
img_qpfct,291
img_i4g32,147
img_pqi8e,309
img_bmlth,386
img_w2d8c,390
img_3fcen,90
img_xqkku,29
img_hvkgj,80
img_h2g5m,13
img_hnlej,316
img_415ya,131
img_hfk9q,133
img_18o50,276
img_oxyq1,198
img_bb2do,322
img_9v4ye,219
img_ty7h9,339
img_90r5a,38
img_2vwxd,305
img_r1hd9,72
img_7cp5a,74
img_q2i34,492
img_io4p3,10
img_tcs35,134
img_bi9yq,52
img_qazpy,320
img_6yelg,266
img_0xzq2,119
img_dne3s,162
img_2aa5h,400
img_qiu3b,444
img_pq8tl,435
img_jj4d4,10
img_o590v,487
img_5a4ds,290
img_rbrh3,329
img_l1ivz,227
img_45jpv,401
img_bzxw8,398
img_3vw82,499
img_8p1cm,92
img_sgfnk,218
img_671k1,323
img_uioqg,297
img_grxcm,189
img_08idn,280
img_05nv6,416
img_d6jyw,201
img_14dod,165
img_e357m,187
img_qpins,323
img_9f71u,405
img_z4d14,205
img_k5181,151
img_8b3qv,478
img_16cvo,445
img_prwb1,239
img_6y465,23
img_reths,361
img_e6bff,201
img_c5yj1,206
img_wua4z,492
img_o4d3j,432
img_2cyi8,423
img_pgdvu,370
img_652ug,350
img_x7574,237
img_4qitq,310
img_c0das,295
img_f1q4v,100
img_yfe0p,53
img_iwl0y,16
img_pmp7e,23
img_jt3rr,381
img_07wp4,207
img_iqal2,190
img_n3e9j,55
img_6ctbl,285
img_hmo91,161
img_sg0nu,172
img_u4x1o,424
img_r3w9k,122
img_2wohn,31
img_qmj9g,47
img_whn7c,22
img_zs8fx,7
img_owr0x,295
img_ps5xv,259
img_d7znu,385
img_7n7uw,160
img_v3mur,110
img_6egy7,274
img_3gasn,431
img_f6spt,334
img_flhy0,486
img_4fq5p,25
img_ukweh,227
img_wfoan,352
img_urr67,31
img_h63l5,157
img_dq65s,459
img_petqx,140
img_x6h9y,330
img_2t73r,98
img_7ngks,248
img_2la1q,232
img_5cuu7,472
img_k22gr,144
img_g6vwg,467
img_i8n8p,145
img_ktpam,489
img_xbnq4,87
img_3i3tx,450
img_7qnem,476
img_8kvuc,303
img_dq06c,449
img_86ui7,317
img_f6scj,84
img_2oza4,187
img_c2wcb,247
img_iii0a,51
img_ughmt,49
img_yd79m,376
img_l3b1q,208
img_yry5b,496
img_vilo1,475
img_8v5ux,402
img_pauqf,325
img_us2vp,151
img_31xm2,127
img_5lea0,374
img_yuodj,200
img_8vbq7,65
img_6b5uv,334
img_hsvvx,385
img_5r9c1,381
img_ku86j,102
img_3am8l,305
img_crqho,373
img_8ze43,424
img_kmk2g,291
img_yc891,19
img_17683,127
img_inhnm,141
img_jjw23,88
img_6dcwf,262
img_6vlcw,292
img_wv9fd,256
img_2yu4v,461
img_ioye4,472
img_mxcj6,105
img_oyn6p,152
img_v2tv8,174
img_t382y,348
img_wdarq,485
img_xjd4w,201
img_q4ln2,259
img_1fllh,69
img_uqqw4,3
img_e7wgg,495
img_33a1e,236
img_x5s0t,240
img_nfxev,141
img_ittnq,242
img_unuzn,462
img_9dm0p,259
img_1gj4o,148
img_ajx5u,393
img_joyu7,162
img_wwi3v,296
img_5qp0h,66
img_rhw80,377
img_hgr4i,87
img_ssszg,345
img_pg3bd,263
img_lz2w8,211
img_mytj5,426
img_al0fr,398
img_3u68x,165
img_gkq7g,392
img_pkxgn,180
img_2n9cr,316
img_6j9w6,131
img_246nr,92
img_mj4c0,350
img_9a00a,239
img_m7dvs,80
img_s9w03,178
img_uwkjq,464
img_7f4vo,277
img_muzpb,186
img_qkjy9,146
img_wxset,367
img_ejgdt,66
img_xs8pm,83
img_zasoi,189
img_afkqh,370
img_bggdr,415
img_5vzrw,67
img_rje76,99
img_arfjt,455
img_xou1q,244
img_jmyv8,421
img_977ur,382
img_2yak6,46
img_l5aao,497
img_u2hpx,440
img_e7k7z,341
img_xhb2s,128
img_pmhq9,441
img_bzwjx,446
img_sm9i0,36
img_cmtaz,127
img_4j4hr,194
img_w5kpk,102
img_wm0au,225
img_j3xl3,379
img_7cji1,386
img_ebfs0,448
img_rlx8d,83
img_zpxby,5
img_utp89,261
img_0maj1,304
img_phr4z,210
img_8hvgs,300
img_jgaeu,249
img_f9lpt,108
img_lv268,257
img_2tpzm,365
img_iyj4r,83
img_mjopg,37
img_pmiwt,459
img_r9rkb,145
img_r2q7k,383
img_hxotk,430
img_0n7ae,176
img_o3f8t,346
img_ver0t,462
img_jp9iw,425
img_jflfx,58
img_y4xkh,427
img_qdik4,228
img_paccb,107
img_s963k,146
img_goqi2,455
img_3064r,112
img_1077r,12
img_mhzdy,164
img_lbyer,111
img_54a5i,249
img_6qm77,330
img_w2203,5
img_ikmj9,373
img_ki471,162
img_lq4fo,384
img_ij5yh,320
img_4we3k,435
img_rn8t3,325
img_iusjz,278
img_0kw7c,314
img_s4ldl,367
img_lt4fp,341
img_koovw,348
img_tssp6,480
img_irvpv,360
img_qcv2b,163
img_zubg9,434
img_10zxf,64
img_sxfqf,80
img_n1fu5,131
img_ubv8a,282
img_0iscs,433
img_fxyfv,34
img_jfjgc,270
img_bl659,2
img_w4qdj,100
img_myh7t,370
img_yxfjk,294
img_nann6,41
img_5ngja,51
img_dyg1j,499
img_fteul,370
img_eajcf,145
img_uxlmj,444
img_b27t2,156
img_tml23,454
img_kp2cs,347
img_3f5oh,278
img_1zs0d,78
img_pfnut,239
img_oh0cc,386
img_l2ors,83
img_nr33s,285
img_jb5bi,376
img_blr31,58
img_hcre1,425
img_nc0kb,307
img_ajvul,449
img_74xp1,438
img_acv2o,384
img_4o4ho,84
img_5wdvu,212
img_0vs44,57
img_li208,263
img_jziq5,194
img_q52hp,180
img_vnmve,435
img_htgdr,274
img_kvrvv,396
img_kzz5v,39
img_k2f8g,422
img_ckjnb,326
img_km3ft,47
img_k9ajz,158
img_47enj,152
img_plwm8,344
img_x8vgb,371
img_js4qm,125
img_47ng4,322
img_gn9ud,161
img_s2beq,84
img_g9cc3,302
img_n7h0j,412
img_qvva3,425
img_ak7fo,279
img_3dilj,194
img_vehu2,440
img_oiypp,86
img_dqpa6,314
img_mfgxi,494
img_bxrx2,32
img_ghav5,182
img_6z9r6,125
img_abxo1,63
img_1dieg,464
img_ez3q0,175
img_yfyil,293
img_f2zam,330
img_x6sqj,177
img_76o3z,360
img_37chv,44
img_dmbtf,213
img_64sf0,469
img_whmvw,156
img_by9wq,343
img_yxqus,223
img_o11zk,442
img_iykui,270
img_t3mnk,446
img_ppcnc,39
img_cpa2f,183
img_z0gdw,12
img_73zda,340
img_5vqj1,147
img_sekdw,31
img_f2id3,483
img_z92dz,304
img_5dtjj,490
img_8kxw5,308
img_kj7u0,121
img_u8btn,466
img_xju6o,496
img_k62vv,369
img_7n3gn,457
img_e8utq,96
img_h1reu,91
img_cfext,89
img_7gn3d,360
img_yhsuz,59
img_9idcg,227
img_j08h6,459
img_34wtj,270
img_4tc5n,412
img_nwax2,69
img_dqxpu,21
img_xp4x6,312
img_ryslh,242
img_yhq8o,377
img_hollx,65
img_86rcx,469
img_ltw0t,91
img_u6c9a,219
img_pnodg,266
img_jzzn4,251
img_1tk4h,365
img_3wcyn,443
img_9tn6o,92
img_z9kf2,25
img_yybhv,143
img_k1tj3,58
img_m73cr,96
img_zjtrs,137
img_0vq3w,264
img_s73tb,371
img_q8d3x,39
img_f6vtr,86
img_vj9m8,426
img_qlu7s,295
img_dr3zk,32
img_f4q6p,458
img_ce1ks,373
img_f5996,350
img_gypdj,153
img_hmm4v,65
img_ys7ot,28
img_nxjfq,330
img_bglen,89
img_ow5s4,227
img_ruiqz,295
img_4ckgq,331
img_2t0i3,295
img_v6fb0,498
img_b7df1,472
img_qkp1m,412
img_0umrh,401
img_64ale,208
img_t2br5,462
img_6zkk2,162
img_esdcx,204
img_4wj2m,191
img_zv0o5,435
img_r88wt,312
img_29znw,232
img_qmk4v,459
img_k1cmn,189
img_0mdgq,355
img_l2oqh,367
img_pfh7t,166
img_yq05o,472
img_wftxl,116
img_g25oq,249
img_i5u4q,300
img_hsr2w,457
img_brnym,346
img_ggcro,92
img_i0kcs,238
img_l8qrg,69
img_ixmm8,494
img_im8kh,262
img_yedqc,53
img_06lzj,285
img_l02dr,78
img_meamt,65
img_61xbb,311
img_648g3,223
img_aj5hm,189
img_cj9ce,79
img_u83fg,22
img_q8wma,188
img_17or8,93
img_n1g0m,249
img_hh8kp,32
img_bbpyt,103
img_cg26t,179
img_ar3lh,351
img_8e3vl,331
img_73i8w,55
img_m4dii,80
img_mhy5o,4
img_ca5v7,342
img_wvygw,205
img_7zkvn,405
img_c6kpy,257
img_54di0,273
img_grasj,21
img_b0zwi,22
img_icvle,157
img_py39o,141
img_hlun5,38
img_xlut6,147
img_g999t,462
img_ndo1j,317
img_181v4,18
img_e1hup,145
img_hzxzz,22
img_emt34,267
img_joir8,466
img_b55dt,187
img_7ldgh,95
img_38wi6,295
img_xx8ya,426
img_t5itn,29
img_r3swe,346
img_do5s3,303
img_epvz5,300
img_rwb1v,207
img_763mb,341
img_7w6ou,30
img_3yepz,488
img_csaxx,247
img_ak7pa,369
img_opwki,373
img_r7bm2,401
img_klp9i,292
img_edq3u,162
img_jnjnl,229
img_ykutq,435
img_7ffwz,395
img_cbqwt,183
img_bd5og,52
img_guvs2,269
img_glyou,258
img_zmwij,117
img_1l07v,464
img_2m2ep,466
img_qyt3o,382
img_pklrv,85
img_e6eni,28
img_gv7ju,494
img_39ju2,270
img_ewgc8,403
img_bbo2h,277
img_ffrg3,306
img_bswk2,0
img_e7iva,385
img_z2znb,76
img_647no,426
img_yj2v5,132
img_2mwxd,115
img_qpe6h,296
img_6z95e,393
img_owxle,489
img_6bbvn,354
img_4od40,333
img_3smjt,394
img_iv9tv,445
img_oac4o,215
img_bzgbd,140
img_s1qie,20
img_i3zdn,482
img_2k0yl,183
img_4oj2b,251
img_47tr6,187
img_v17pb,80
img_702q8,278
img_vw36l,77
img_0q0fy,476
img_rdppv,226
img_hw1z3,267
img_rv5nd,182
img_i22fa,446
img_ouixb,209
img_sdpvz,93
img_2fa3d,280
img_deeak,149
img_1tvtr,51
img_olje4,464
img_cdckj,463
img_tv1sx,499
img_txxwj,436
img_y3oof,326
img_cw51k,423
img_y0nne,499
img_kq21t,306
img_bqd2c,110
img_e5xqk,12
img_ebng9,271
img_be17e,80
img_nxuio,65
img_l1j86,20
img_i86pa,318
img_sdm19,153
img_e1n5z,277
img_soq7o,44
img_rd9u7,309
img_q964w,211
img_ww6ae,73
img_1m0zj,326
img_ujtum,8
img_s8vi3,395
img_m3727,131
img_1x5vd,469
img_ycdqq,80
img_uf7dv,352
img_754me,284
img_4fn65,475
img_5qvdw,242
img_z3uuo,457
img_1508t,339
img_mi3hv,498
img_2pf2c,132
img_8b866,464
img_67ha6,33
img_ktj4k,238
img_hh6pc,147
img_rj3jb,47
img_4obbb,311
img_h9gak,143
img_76v5h,130
img_3ol20,32
img_rmkks,254
img_derkt,366
img_ytqbh,83
img_7hogy,5
img_3taev,479
img_mkcsf,46
img_vcru8,420
img_0psvr,20
img_ffg8g,472
img_mb8a6,202
img_mntgf,470
img_p4eyu,208
img_io34v,323
img_7hpdd,28
img_z43e2,92
img_ngci1,160
img_fgfss,254
img_l2nz0,138
img_2u081,178
img_3p8zf,449
img_g15i1,210
img_zcq6p,380
img_4sr85,488
img_1zxp5,311
img_qn5t4,122
img_2q5gf,261
img_9dzc3,234
img_xir2v,277
img_ngro7,325
img_utmzr,209
img_x2497,92
img_tqg76,269
img_d5b83,362
img_xie27,328
img_lbn4e,322
img_cx8z0,468
img_7v8db,485
img_tdqhg,433
img_hhf73,353
img_pyyts,238
img_3gs0i,87
img_z73nb,264
img_qlloi,273
img_rwfuc,249
img_eu3y1,334
img_9b7jq,481
img_1odgo,330
img_gite9,368
img_o1vmp,104
img_k545l,199
img_46kt9,256
img_xr9aw,178
img_m9tjj,233
img_7e6j3,411
img_xgub1,253
img_aj320,138
img_akj1d,5
img_g5dy7,496
img_5tvun,110
img_41m56,496
img_glhlw,207
img_am3d1,23
img_va16f,446
img_xljwp,303
img_klafj,151
img_5kx92,37
img_h1qby,309
img_f4rw4,106
img_swhez,194
img_vbz1n,264
img_0wd9g,333
img_fz4b2,187
img_r93zq,300
img_hkxbb,357
img_hlfsh,284
img_inv6a,88
img_gbk3t,371
img_1yeo1,373
img_jq2z6,339
img_jshic,92
img_zvb8y,272
img_6e31k,218
img_r7p5o,436
img_zphe6,58
img_1vwg0,162
img_vxjjl,429
img_nu4a2,444
img_68fi7,496
img_9rka8,473
img_j60b9,297
img_mpu5u,17
img_mfnln,416
img_df9qy,143
img_cs8wy,355
img_4te04,256
img_miclp,123
img_ozztn,322
img_4o1pb,430
img_vkhrq,462
img_l0l1d,188
img_6noyd,252
img_8e8ir,440
img_acrv4,140
img_kwajo,143
img_0bzuy,37
img_or0xt,471
img_07saa,117
img_ekbv8,65
img_8p168,459
img_wg7p7,469
img_karms,487
img_4a0sx,49
img_fndd2,85
img_mf026,273
img_9xwtp,141
img_zn8w4,474
img_autbh,83
img_3zw7g,90
img_ls8zf,42
img_negv3,354
img_y9f4f,197
img_hlsce,260
img_fdzrp,14
img_16vyn,244
img_ag0tf,122
img_tnfz0,453
img_mnpx9,179
img_9xfxu,393
img_4i83k,153
img_z8lxg,9
img_iyy3x,334
img_81fut,132
img_hbv3h,387
img_naa4y,169
img_8xt7w,419
img_tiy4h,320
img_daorx,229
img_e2pe2,380
img_qbluc,304
img_91jyj,259
img_z1ry9,16
img_9i5mw,472
img_b1sba,449
img_7kplp,359
img_k1k78,199
img_krga0,169
img_u6w4y,387
img_a84ty,163
img_fzkr4,335
img_utgwa,353
img_wgnny,222
img_rx1vw,462
img_7jgr8,213
img_snviq,434
img_oj5sn,155
img_xzox1,452
img_i5l55,114
img_qkoac,80
img_yjnx2,35
img_2nku2,395
img_31pj8,208
img_6onj5,486
img_a3n1e,169
img_pm0s2,32
img_zks7o,299
img_onzde,438
img_qpwmb,487
img_hn878,29
img_uj1k8,386
img_elz9f,472
img_v6oo6,379
img_kmhn6,296
img_zcgy1,406
img_whc86,70
img_w7wxp,408
img_7wes9,15
img_r0kmk,366
img_hajc8,157
img_xwb1n,357
img_xab9r,437
img_7kyxw,141
img_xtg25,322
img_0h33y,285
img_fvhiv,487
img_ut6a2,182
img_wn817,496
img_y395r,268
img_w5yzb,234
img_oy0pq,497
img_wzyxj,302
img_glafi,31
img_irufo,235
img_n2dx8,203
img_9bcjc,355
img_f35u0,368
img_9d1zf,108
img_fynww,357
img_c0cfj,302
img_vjsgq,13
img_h8h2c,69
img_yckab,58
img_ombrf,386
img_648zw,338
img_6ygxl,265
img_bvvxg,87
img_kjbin,12
img_46zpg,436
img_hqkf3,347
img_78bwy,46
img_3gh8c,145
img_kait8,195
img_im5af,205
img_svavu,344
img_jft9t,66
img_5zmie,80
img_zvgug,8
img_ornbi,46
img_5qw0t,70
img_7bzal,253
img_1kqra,23
img_ehz8t,294
img_d3lq5,213
img_eboba,480
img_mqd9q,203
img_2voqd,308
img_auc89,25
img_iziff,353
img_01fza,432
img_gzuik,398
img_b4gbg,462
img_by0nj,366
img_z2q5q,369
img_wyyp4,162
img_tpfip,194
img_azpho,127
img_lzu0f,340
img_zqjkh,455
img_03fov,369
img_zr58q,279
img_u6znh,293
img_40ozq,175
img_bl6jt,317
img_har9a,224
img_080et,334
img_f14wh,469
img_oufaj,472
img_8supc,497
img_ju5xg,392
img_k6icf,213
img_vj2z2,105
img_p2adb,496
img_q868s,26
img_am1yy,92
img_mo6sq,79
img_8tyz4,149
img_dw1p7,17
img_ll1h5,287
img_ok9sh,412
img_pnsl6,125
img_il62k,490
img_ili1m,130
img_udqmk,285
img_0m5tz,199
img_49w8p,398
img_be7i7,498
img_zsm32,327
img_jnn0b,256
img_qwt1g,168
img_cdrjp,459
img_9920w,436
img_2umeq,10
img_wyu2q,261
img_4rkto,344
img_2uqew,66
img_xbqpi,83
img_p7j83,422
img_6dffu,93
img_su71v,96
img_1j0is,94
img_utdq0,5
img_tjh08,194
img_r10cm,136
img_ccy4c,233
img_xod82,278
img_icf6s,328
img_7d42m,89
img_inzlz,259
img_zedbf,246
img_jdpen,173
img_kg90b,306
img_2cqmm,22
img_uviid,274
img_eho6m,188
img_e8ov7,69
img_i6lpg,420
img_lmh70,275
img_z302v,303
img_nnzpg,182
img_bx8us,188
img_6fnds,95
img_t3r3a,339
img_385eq,471
img_t5egk,400
img_q8epx,200
img_uqyex,199
img_emasb,215
img_rhs0u,83
img_f3m89,37
img_0jtts,403
img_idm3n,388
img_h5kbw,152
img_9axtp,315
img_fn6u1,130
img_jb4fs,330
img_p6kdb,24
img_isdeb,63
img_maabu,266
img_z9ywc,66
img_nq172,434
img_7whjk,471
img_obkv4,481
img_q04pw,17
img_xqk05,44
img_mayg0,285
img_74a7q,201
img_stmm2,269
img_2q1q1,352
img_2x2ju,36
img_opng9,97
img_8de1t,450
img_cxsdb,482
img_mjx7g,157
img_vewat,45
